mtllib /Users/kusnizza/Desktop/A.mtl
o Extruded.001
v 2.57363749 -2.57255530 0.00987990
v 2.57406783 -2.57241035 0.01332995
v 2.57474709 -2.57594514 0.01332995
v 2.57429361 -2.57596993 0.00987990
v 2.57445574 -2.57953310 0.01332995
v 2.57401204 -2.57943535 0.00987990
v 2.57321501 -2.58291197 0.01332995
v 2.57281375 -2.58269930 0.00987990
v 2.57111549 -2.58583593 0.01332995
v 2.57078576 -2.58552361 0.00987990
v 2.56831002 -2.58809137 0.01332995
v 2.56807590 -2.58770227 0.00987990
v 2.56500340 -2.58951402 0.01332995
v 2.56488204 -2.58907628 0.00987990
v 2.56143689 -2.58999991 0.01332995
v 2.57237554 -2.57298088 0.00666497
v 2.57296395 -2.57604241 0.00666497
v 2.57271147 -2.57914948 0.00666497
v 2.57163715 -2.58207583 0.00666497
v 2.56981874 -2.58460784 0.00666497
v 2.56738925 -2.58656120 0.00666497
v 2.56452560 -2.58779311 0.00666497
v 2.56143689 -2.58954573 0.00987990
v 2.57036829 -2.57365799 0.00390425
v 2.57084870 -2.57615757 0.00390425
v 2.57064271 -2.57869434 0.00390425
v 2.56976533 -2.58108377 0.00390425
v 2.56828070 -2.58315134 0.00390425
v 2.56629705 -2.58474612 0.00390425
v 2.56395888 -2.58575201 0.00390425
v 2.56143689 -2.58821416 0.00666497
v 2.56775236 -2.57454014 0.00178587
v 2.56809187 -2.57630754 0.00178587
v 2.56794620 -2.57810163 0.00178587
v 2.56732583 -2.57979107 0.00178587
v 2.56627607 -2.58125305 0.00178587
v 2.56487346 -2.58238077 0.00178587
v 2.56322026 -2.58309197 0.00178587
v 2.56143689 -2.58609581 0.00390425
v 2.56470609 -2.57556748 0.00045421
v 2.56488180 -2.57648253 0.00045421
v 2.56480646 -2.57741094 0.00045421
v 2.56448531 -2.57828569 0.00045421
v 2.56394196 -2.57904243 0.00045421
v 2.56321573 -2.57962608 0.00045421
v 2.56236005 -2.57999420 0.00045421
v 2.56143689 -2.58333492 0.00178587
v 2.56143689 -2.57667017 0
v 2.56143689 -2.58012009 0.00045421
v 1.70957887 -0.00907014 0.01332995
v 1.70914853 -0.00921529 0.00987990
v 1.70788670 -0.00964085 0.00666497
v 1.70587933 -0.01031781 0.00390425
v 1.70326340 -0.01120004 0.00178587
v 1.70021713 -0.01222743 0.00045421
v 1.69694793 -0.01332995 0
v 1.70957887 -0.00907014 0.34560728
v 2.57406783 -2.57241035 0.34560728
v 1.69694793 -0.00045421 0.00987990
v 1.69694793 0 0.01332995
v 1.70023429 -0.00041145 0.01332995
v 1.70012224 -0.00085164 0.00987990
v 1.70331764 -0.00162040 0.01332995
v 1.70310068 -0.00201939 0.00987990
v 1.70600796 -0.00355221 0.01332995
v 1.70569921 -0.00388538 0.00987990
v 1.70813882 -0.00608763 0.01332995
v 1.70775747 -0.00633440 0.00987990
v 1.69694793 -0.00178587 0.00666497
v 1.69979393 -0.00214220 0.00666497
v 1.70246434 -0.00318918 0.00666497
v 1.70479417 -0.00486218 0.00666497
v 1.70663953 -0.00705792 0.00666497
v 1.69694793 -0.00390425 0.00390425
v 1.69927168 -0.00419519 0.00390425
v 1.70145202 -0.00505004 0.00390425
v 1.70335436 -0.00641604 0.00390425
v 1.70486104 -0.00820886 0.00390425
v 1.69694793 -0.00666497 0.00178587
v 1.69859111 -0.00687070 0.00178587
v 1.70013285 -0.00747517 0.00178587
v 1.70147789 -0.00844108 0.00178587
v 1.70254338 -0.00970879 0.00178587
v 1.69694793 -0.00987990 0.00045421
v 1.69779849 -0.00998640 0.00045421
v 1.69859660 -0.01029929 0.00045421
v 1.69929278 -0.01079928 0.00045421
v 1.69984436 -0.01145550 0.00045421
v 1.69694793 0 0.34560728
v 1.70023429 -0.00041145 0.34560728
v 1.70331764 -0.00162040 0.34560728
v 1.70600796 -0.00355221 0.34560728
v 1.70813882 -0.00608763 0.34560728
v 0.88305604 0 0.01332995
v 0.88305604 -0.00045421 0.00987990
v 0.88305604 -0.00178587 0.00666497
v 0.88305604 -0.00390425 0.00390425
v 0.88305604 -0.00666497 0.00178587
v 0.88305604 -0.00987990 0.00045421
v 0.88305604 -0.01332995 0
v 1.70914853 -0.00921529 0.34905735
v 1.70775747 -0.00633440 0.34905735
v 1.70569921 -0.00388538 0.34905735
v 1.70310068 -0.00201939 0.34905735
v 1.70012224 -0.00085164 0.34905735
v 1.70788670 -0.00964085 0.35227227
v 1.70663953 -0.00705792 0.35227227
v 1.70479417 -0.00486218 0.35227227
v 1.70246434 -0.00318918 0.35227227
v 1.69979393 -0.00214220 0.35227227
v 1.69694793 -0.00045421 0.34905735
v 1.70587933 -0.01031781 0.35503298
v 1.70486104 -0.00820886 0.35503298
v 1.70335436 -0.00641604 0.35503298
v 1.70145202 -0.00505004 0.35503298
v 1.69927168 -0.00419519 0.35503298
v 1.69694793 -0.00178587 0.35227227
v 1.70326340 -0.01120004 0.35715136
v 1.70254338 -0.00970879 0.35715136
v 1.70147789 -0.00844108 0.35715136
v 1.70013285 -0.00747517 0.35715136
v 1.69859111 -0.00687070 0.35715136
v 1.69694793 -0.00390425 0.35503298
v 1.70021713 -0.01222743 0.35848305
v 1.69984436 -0.01145550 0.35848305
v 1.69929278 -0.01079928 0.35848305
v 1.69859660 -0.01029929 0.35848305
v 1.69779849 -0.00998640 0.35848305
v 1.69694793 -0.00666497 0.35715136
v 1.69694793 -0.01332995 0.35893723
v 1.69694793 -0.00987990 0.35848305
v 0.88305604 0 0.34311536
v 0.88314527 -0.00000000 0.34375900
v 0.88341194 0 0.34436715
v 0.88385010 0 0.34489968
v 0.88478506 0 0.34545654
v 0.88514996 0 0.34555501
v 0.88444144 0.00000000 0.34531066
v 0.88568586 -0.00000000 0.34560728
v 0.88568586 -0.00045421 0.34905735
v 0.88568586 -0.00178587 0.35227227
v 0.88568586 -0.00390425 0.35503298
v 0.88568586 -0.00666497 0.35715136
v 0.88568586 -0.00987990 0.35848305
v 0.88568586 -0.01332995 0.35893723
v 2.57363749 -2.57255530 0.34905735
v 2.57237554 -2.57298088 0.35227227
v 2.57036829 -2.57365799 0.35503298
v 2.56775236 -2.57454014 0.35715136
v 2.56470609 -2.57556748 0.35848305
v 2.56143689 -2.57667017 0.35893723
v 2.57474709 -2.57594514 0.34560728
v 2.57445574 -2.57953310 0.34560728
v 2.57321501 -2.58291197 0.34560728
v 2.57111549 -2.58583593 0.34560728
v 2.56831002 -2.58809137 0.34560728
v 2.56500340 -2.58951402 0.34560728
v 2.56143689 -2.58999991 0.34560728
v 1.91729760 -2.58999991 0.01332995
v 1.91729760 -2.58954573 0.00987990
v 1.91729760 -2.58821416 0.00666497
v 1.91729760 -2.58609581 0.00390425
v 1.91729760 -2.58333492 0.00178587
v 1.91729760 -2.58012009 0.00045421
v 1.91729760 -2.57667017 0
v 0.87042511 -0.00907012 0.01332995
v 0.87042511 -0.00907012 0.34311536
v 0.87157422 -0.00655834 0.34311536
v 0.87186515 -0.00608762 0.01332995
v 0.87186515 -0.00608762 0.34311536
v 0.87321633 -0.00433732 0.34311536
v 0.87399608 -0.00355220 0.01332995
v 0.87668628 -0.00162039 0.01332995
v 0.87528098 -0.00250242 0.34311536
v 0.87399608 -0.00355220 0.34311536
v 0.87668628 -0.00162039 0.34311536
v 0.87767941 -0.00113243 0.34311536
v 0.87976974 -0.00041145 0.01332995
v 0.87976974 -0.00041145 0.34311536
v 0.88030875 -0.00028618 0.34311536
v 0.87094289 -0.00921466 0.34720188
v 0.87203336 -0.00666793 0.34689420
v 0.87360966 -0.00441250 0.34644946
v 0.87560296 -0.00254700 0.34588704
v 0.87792605 -0.00115299 0.34523159
v 0.88047731 -0.00029143 0.34451175
v 0.87249029 -0.00964660 0.35106328
v 0.87341243 -0.00699659 0.35049790
v 0.87479562 -0.00463859 0.34964985
v 0.87657607 -0.00268132 0.34855825
v 0.87867171 -0.00121502 0.34727341
v 0.88098592 -0.00030730 0.34585458
v 0.87503290 -0.01035633 0.35444441
v 0.87570256 -0.00754058 0.35371947
v 0.87678045 -0.00501489 0.35255265
v 0.87821257 -0.00290580 0.35100240
v 0.87992710 -0.00131898 0.34914637
v 0.88183820 -0.00033393 0.34707758
v 0.87884516 -0.00828303 0.35630602
v 0.87805551 -0.01120005 0.35681754
v 0.87953734 -0.00553281 0.35494608
v 0.88050252 -0.00321667 0.35304976
v 0.88168699 -0.00146355 0.35072258
v 0.88302475 -0.00037105 0.34809408
v 0.87846458 -0.01131423 0.35705379
v 0.88045841 -0.01187077 0.35798004
v 0.88070095 -0.00871904 0.35727802
v 0.88118446 -0.00583939 0.35587838
v 0.88188046 -0.00340175 0.35386381
v 0.88274789 -0.00154996 0.35135311
v 0.88373548 -0.00039329 0.34849444
v 0.88269824 -0.00918607 0.35798502
v 0.88173610 -0.01222743 0.35839814
v 0.88297415 -0.00616987 0.35658616
v 0.88338637 -0.00360217 0.35449636
v 0.88390905 -0.00164382 0.35184643
v 0.88450944 -0.00041749 0.34880242
v 0.88257593 -0.01246185 0.35860524
v 0.01899243 -2.57605577 0.35877189
v 0.02119299 -2.57667017 0.35893723
v 0.01724322 -2.57556748 0.35839814
v 0.01356263 -2.57454014 0.35681754
v 0.01685075 -2.57545805 0.35828325
v 0.01481770 -2.57489038 0.35749048
v 0.01293600 -2.57436514 0.35642132
v 0.01040209 -2.57365799 0.35430324
v 0.00973532 -2.57347178 0.35356635
v 0.00797683 -2.57298088 0.35102645
v 0.00746356 -2.57283759 0.35002327
v 0.00645222 -2.57255530 0.34721047
v 0.00620160 -2.57248545 0.34607515
v 0.00593220 -2.57241011 0.34311536
v 2.56143689 -2.58954573 0.34905735
v 2.56488204 -2.58907628 0.34905735
v 2.56807590 -2.58770227 0.34905735
v 2.57078576 -2.58552361 0.34905735
v 2.57281375 -2.58269930 0.34905735
v 2.57401204 -2.57943535 0.34905735
v 2.57429361 -2.57596993 0.34905735
v 2.56143689 -2.58821416 0.35227227
v 2.56452560 -2.58779311 0.35227227
v 2.56738925 -2.58656120 0.35227227
v 2.56981874 -2.58460784 0.35227227
v 2.57163715 -2.58207583 0.35227227
v 2.57271147 -2.57914948 0.35227227
v 2.57296395 -2.57604241 0.35227227
v 2.56143689 -2.58609581 0.35503298
v 2.56395888 -2.58575201 0.35503298
v 2.56629705 -2.58474612 0.35503298
v 2.56828070 -2.58315134 0.35503298
v 2.56976533 -2.58108377 0.35503298
v 2.57064271 -2.57869434 0.35503298
v 2.57084870 -2.57615757 0.35503298
v 2.56143689 -2.58333492 0.35715136
v 2.56322026 -2.58309197 0.35715136
v 2.56487346 -2.58238077 0.35715136
v 2.56627607 -2.58125305 0.35715136
v 2.56732583 -2.57979107 0.35715136
v 2.56794620 -2.57810163 0.35715136
v 2.56809187 -2.57630754 0.35715136
v 2.56143689 -2.58012009 0.35848305
v 2.56236005 -2.57999420 0.35848305
v 2.56321573 -2.57962608 0.35848305
v 2.56394196 -2.57904243 0.35848305
v 2.56448531 -2.57828569 0.35848305
v 2.56480646 -2.57741094 0.35848305
v 2.56488180 -2.57648253 0.35848305
v 1.91729760 -2.58999991 0.34560728
v 1.91729760 -2.58954573 0.34905735
v 1.91729760 -2.58821416 0.35227227
v 1.91729760 -2.58609581 0.35503298
v 1.91729760 -2.58333492 0.35715136
v 1.91729760 -2.58012009 0.35848305
v 1.91729760 -2.57667017 0.35893723
v 1.91395664 -2.58957458 0.34560728
v 1.91395664 -2.58957458 0.01332995
v 1.91082895 -2.58832526 0.34560728
v 1.91082895 -2.58832526 0.01332995
v 1.90811419 -2.58633184 0.34560728
v 1.90811419 -2.58633184 0.01332995
v 1.90598559 -2.58372188 0.34560728
v 1.90598559 -2.58372188 0.01332995
v 1.90457928 -2.58066154 0.34560728
v 1.90457928 -2.58066154 0.01332995
v 1.91407049 -2.58913469 0.00987990
v 1.91104937 -2.58792806 0.00987990
v 1.90842700 -2.58600259 0.00987990
v 1.90637112 -2.58348155 0.00987990
v 1.91440427 -2.58784556 0.00666497
v 1.91169560 -2.58676362 0.00666497
v 1.90934443 -2.58503747 0.00666497
v 1.90750110 -2.58277702 0.00666497
v 1.90501261 -2.58052540 0.00987990
v 1.91493511 -2.58579493 0.00390425
v 1.91272354 -2.58491158 0.00390425
v 1.91080391 -2.58350205 0.00390425
v 1.90929890 -2.58165646 0.00390425
v 1.90628326 -2.58012676 0.00666497
v 1.91562712 -2.58312225 0.00178587
v 1.91406322 -2.58249760 0.00178587
v 1.91270590 -2.58150101 0.00178587
v 1.91164160 -2.58019590 0.00178587
v 1.90830433 -2.57949233 0.00390425
v 1.91643286 -2.58000994 0.00045421
v 1.91562343 -2.57968664 0.00045421
v 1.91492081 -2.57917070 0.00045421
v 1.91436982 -2.57849526 0.00045421
v 1.91093850 -2.57866573 0.00178587
v 1.91400588 -2.57770300 0.00045421
v 1.73977911 -2.05553842 0.01332995
v 1.74021256 -2.05540252 0.00987990
v 1.74148309 -2.05500388 0.00666497
v 1.74350429 -2.05436945 0.00390425
v 1.74613833 -2.05354285 0.00178587
v 1.74920571 -2.05258012 0.00045421
v 1.75249755 -2.05154705 0
v 0.87085545 -0.00921527 0.00987990
v 0.87224644 -0.00633439 0.00987990
v 0.87430477 -0.00388537 0.00987990
v 0.87690336 -0.00201939 0.00987990
v 0.87988174 -0.00085164 0.00987990
v 0.87211728 -0.00964083 0.00666497
v 0.87336445 -0.00705790 0.00666497
v 0.87520987 -0.00486217 0.00666497
v 0.87753969 -0.00318917 0.00666497
v 0.88021004 -0.00214220 0.00666497
v 0.87412459 -0.01031780 0.00390425
v 0.87514287 -0.00820885 0.00390425
v 0.87664968 -0.00641604 0.00390425
v 0.87855196 -0.00505004 0.00390425
v 0.88073230 -0.00419519 0.00390425
v 0.87674057 -0.01120004 0.00178587
v 0.87746060 -0.00970878 0.00178587
v 0.87852603 -0.00844107 0.00178587
v 0.87987119 -0.00747517 0.00178587
v 0.88141286 -0.00687070 0.00178587
v 0.87978691 -0.01222742 0.00045421
v 0.88015962 -0.01145549 0.00045421
v 0.88071114 -0.01079928 0.00045421
v 0.88140744 -0.01029929 0.00045421
v 0.88220549 -0.00998640 0.00045421
v 0.00593220 -2.57241011 0.01332995
v 0.00636259 -2.57255530 0.00987990
v 0.00762442 -2.57298088 0.00666497
v 0.00963172 -2.57365799 0.00390425
v 0.01224768 -2.57454014 0.00178587
v 0.01529403 -2.57556748 0.00045421
v 0.01856317 -2.57667017 0
v 0.01856317 -2.58999991 0.01332995
v 0.01856317 -2.58999991 0.34311536
v 0.01499651 -2.58951402 0.34311536
v 0.01499651 -2.58951402 0.01332995
v 0.01168994 -2.58809137 0.34311536
v 0.01168994 -2.58809137 0.01332995
v 0.00888458 -2.58583593 0.34311536
v 0.00888458 -2.58583593 0.01332995
v 0.00678499 -2.58291197 0.34311536
v 0.00678499 -2.58291197 0.01332995
v 0.00554429 -2.57953286 0.34311536
v 0.00554429 -2.57953286 0.01332995
v 0.00525294 -2.57594514 0.34311536
v 0.00525294 -2.57594514 0.01332995
v 0.01902157 -2.57912064 0.35856086
v 0.02119299 -2.57963634 0.35860303
v 0.01914591 -2.58205509 0.35766041
v 0.02119299 -2.58245373 0.35761717
v 0.02119299 -2.58012009 0.35848305
v 0.01935883 -2.58470368 0.35611832
v 0.02119299 -2.58498120 0.35602906
v 0.02119299 -2.58333492 0.35715136
v 0.01964904 -2.58692551 0.35401657
v 0.02119299 -2.58609581 0.35503298
v 0.02119299 -2.58709192 0.35391837
v 0.02000112 -2.58860278 0.35146672
v 0.02119299 -2.58821416 0.35227227
v 0.02119299 -2.58868003 0.35139093
v 0.02039636 -2.58964586 0.34860429
v 0.02119299 -2.58954573 0.34905735
v 0.02119299 -2.58966589 0.34857348
v 0.02081378 -2.58999991 0.34558126
v 0.01687438 -2.57861400 0.35819924
v 0.01709830 -2.58166099 0.35740304
v 0.01750995 -2.58442783 0.35593936
v 0.01808623 -2.58675957 0.35389030
v 0.01879481 -2.58852530 0.35137078
v 0.01959596 -2.58962607 0.34852219
v 0.02044471 -2.58999991 0.34550428
v 0.01480201 -2.57812834 0.35752651
v 0.01509863 -2.58128023 0.35684571
v 0.01569007 -2.58416009 0.35548821
v 0.01654142 -2.58659792 0.35353419
v 0.01760244 -2.58844995 0.35109892
v 0.01881052 -2.58960676 0.34832612
v 0.02009437 -2.58999991 0.34537944
v 0.01285123 -2.57767487 0.35656038
v 0.01319400 -2.58092237 0.35599813
v 0.01394311 -2.58390689 0.35476932
v 0.01505229 -2.58644462 0.35294986
v 0.01645300 -2.58837819 0.35065222
v 0.01805867 -2.58958817 0.34801838
v 0.01977010 -2.58999991 0.34521103
v 0.00945135 -2.57689285 0.35383001
v 0.00981898 -2.58029914 0.35348865
v 0.01081369 -2.58346319 0.35256511
v 0.01236911 -2.58617425 0.35112092
v 0.01438149 -2.58825111 0.34925249
v 0.01671656 -2.58955526 0.34708443
v 0.01921854 -2.58999991 0.34476137
v 0.00696653 -2.57632947 0.35027784
v 0.00730413 -2.57984519 0.35010493
v 0.00845260 -2.58313727 0.34951672
v 0.01033114 -2.58597445 0.34855461
v 0.01280754 -2.58815694 0.34728631
v 0.01570754 -2.58953094 0.34580106
v 0.01882706 -2.58999991 0.34420335
v 0.00555683 -2.57601309 0.34620473
v 0.00585796 -2.57958817 0.34614423
v 0.00708316 -2.58295202 0.34589800
v 0.00914366 -2.58586049 0.34548390
v 0.01189014 -2.58810306 0.34493193
v 0.01512355 -2.58951712 0.34428212
v 0.01860959 -2.58999991 0.34358153
v 0.02119299 -2.58999991 0.34560728
v 0.66270030 -2.58954573 0.34905735
v 0.66270030 -2.58999991 0.34560728
v 0.66270030 -2.58821416 0.35227227
v 0.66270030 -2.58609581 0.35503298
v 0.66270030 -2.58333492 0.35715136
v 0.66270030 -2.58012009 0.35848305
v 0.66270030 -2.57667017 0.35893723
v 1.90501261 -2.58052540 0.34905735
v 1.90637112 -2.58348155 0.34905735
v 1.90842700 -2.58600259 0.34905735
v 1.91104937 -2.58792806 0.34905735
v 1.91407049 -2.58913469 0.34905735
v 1.90628326 -2.58012676 0.35227227
v 1.90750110 -2.58277702 0.35227227
v 1.90934443 -2.58503747 0.35227227
v 1.91169560 -2.58676362 0.35227227
v 1.91440427 -2.58784556 0.35227227
v 1.90830433 -2.57949233 0.35503298
v 1.90929890 -2.58165646 0.35503298
v 1.91080391 -2.58350205 0.35503298
v 1.91272354 -2.58491158 0.35503298
v 1.91493511 -2.58579493 0.35503298
v 1.91093850 -2.57866573 0.35715136
v 1.91164160 -2.58019590 0.35715136
v 1.91270590 -2.58150101 0.35715136
v 1.91406322 -2.58249760 0.35715136
v 1.91562712 -2.58312225 0.35715136
v 1.91400588 -2.57770300 0.35848305
v 1.91436982 -2.57849526 0.35848305
v 1.91492081 -2.57917070 0.35848305
v 1.91562343 -2.57968664 0.35848305
v 1.91643286 -2.58000994 0.35848305
v 1.73977911 -2.05553842 0.34560728
v 1.73837280 -2.05247831 0.01332995
v 1.73875821 -2.05223799 0.00987990
v 1.73624432 -2.04986811 0.01332995
v 1.73655725 -2.04953885 0.00987990
v 1.73352957 -2.04787469 0.01332995
v 1.73374999 -2.04747772 0.00987990
v 1.73040187 -2.04662538 0.01332995
v 1.73051572 -2.04618573 0.00987990
v 1.72706079 -2.04620004 0.01332995
v 1.73988831 -2.05153346 0.00666497
v 1.73747468 -2.04857373 0.00666497
v 1.73439622 -2.04631329 0.00666497
v 1.73084939 -2.04489660 0.00666497
v 1.72706079 -2.04574585 0.00987990
v 1.74168599 -2.05041289 0.00390425
v 1.73893404 -2.04703832 0.00390425
v 1.73542416 -2.04446101 0.00390425
v 1.73138034 -2.04284596 0.00390425
v 1.72706079 -2.04441404 0.00666497
v 1.74402881 -2.04895234 0.00178587
v 1.74083602 -2.04503727 0.00178587
v 1.73676383 -2.04204726 0.00178587
v 1.73207235 -2.04017329 0.00178587
v 1.72706079 -2.04229569 0.00390425
v 1.74675703 -2.04725170 0.00045421
v 1.74305093 -2.04270697 0.00045421
v 1.73832405 -2.03923607 0.00045421
v 1.73287809 -2.03706098 0.00045421
v 1.72706079 -2.03953505 0.00178587
v 1.74968481 -2.04542661 0.00000000
v 1.74542773 -2.04020619 0.00000000
v 1.73999822 -2.03621960 0.00000000
v 1.73374283 -2.03372097 0.00000000
v 1.72706079 -2.03632021 0.00045421
v 1.72706079 -2.03287005 0
v 1.74021256 -2.05540252 0.34905735
v 1.74148309 -2.05500388 0.35227227
v 1.74350429 -2.05436945 0.35503298
v 1.74613833 -2.05354285 0.35715136
v 1.74920571 -2.05258012 0.35848305
v 1.75249755 -2.05154705 0.35893723
v 1.73040187 -2.04662538 0.34560728
v 1.72706079 -2.04620004 0.34560728
v 1.73352957 -2.04787469 0.34560728
v 1.73624432 -2.04986811 0.34560728
v 1.73837280 -2.05247831 0.34560728
v 0.85259449 -2.04620004 0.01332995
v 0.85259449 -2.04574585 0.00987990
v 0.85259449 -2.04441404 0.00666497
v 0.85259449 -2.04229569 0.00390425
v 0.85259449 -2.03953505 0.00178587
v 0.85259449 -2.03632021 0.00045421
v 0.85259449 -2.03287005 0
v 1.74968481 -2.04542661 0.35893723
v 1.74675703 -2.04725170 0.35848305
v 1.74542773 -2.04020619 0.35893723
v 1.74305093 -2.04270697 0.35848305
v 1.73999822 -2.03621960 0.35893723
v 1.73832405 -2.03923607 0.35848305
v 1.73374283 -2.03372097 0.35893723
v 1.73287809 -2.03706098 0.35848305
v 1.72706079 -2.03287005 0.35893723
v 1.74402881 -2.04895234 0.35715136
v 1.74083602 -2.04503727 0.35715136
v 1.73676383 -2.04204726 0.35715136
v 1.73207235 -2.04017329 0.35715136
v 1.72706079 -2.03632021 0.35848305
v 1.74168599 -2.05041289 0.35503298
v 1.73893404 -2.04703832 0.35503298
v 1.73542416 -2.04446101 0.35503298
v 1.73138034 -2.04284596 0.35503298
v 1.72706079 -2.03953505 0.35715136
v 1.73988831 -2.05153346 0.35227227
v 1.73747468 -2.04857373 0.35227227
v 1.73439622 -2.04631329 0.35227227
v 1.73084939 -2.04489660 0.35227227
v 1.72706079 -2.04229569 0.35503298
v 1.73875821 -2.05223799 0.34905735
v 1.73655725 -2.04953885 0.34905735
v 1.73374999 -2.04747772 0.34905735
v 1.73051572 -2.04618573 0.34905735
v 1.72706079 -2.04441404 0.35227227
v 1.72706079 -2.04574585 0.34905735
v 0.85259449 -2.04620004 0.34560728
v 0.84925199 -2.04662585 0.01332995
v 0.84913808 -2.04618621 0.00987990
v 0.84612304 -2.04787636 0.01332995
v 0.84590250 -2.04747915 0.00987990
v 0.84340757 -2.04987144 0.01332995
v 0.84309453 -2.04954219 0.00987990
v 0.84127915 -2.05248356 0.01332995
v 0.84089363 -2.05224347 0.00987990
v 0.83987379 -2.05554605 0.01332995
v 0.84880418 -2.04489708 0.00666497
v 0.84525597 -2.04631495 0.00666497
v 0.84217674 -2.04857731 0.00666497
v 0.83976322 -2.05153966 0.00666497
v 0.83944035 -2.05541039 0.00987990
v 0.84827298 -2.04284644 0.00390425
v 0.84422755 -2.04446292 0.00390425
v 0.84071678 -2.04704237 0.00390425
v 0.83796501 -2.05041981 0.00390425
v 0.83816952 -2.05501246 0.00666497
v 0.84758067 -2.04017377 0.00178587
v 0.84288728 -2.04204941 0.00178587
v 0.83881414 -2.04504204 0.00178587
v 0.83562148 -2.04896045 0.00178587
v 0.83614796 -2.05437922 0.00390425
v 0.84677452 -2.03706169 0.00045421
v 0.84132648 -2.03923893 0.00045421
v 0.83659840 -2.04271269 0.00045421
v 0.83289248 -2.04726100 0.00045421
v 0.83351344 -2.05355406 0.00178587
v 0.84590942 -2.03372192 0.00000000
v 0.83965153 -2.03622270 0.00000000
v 0.83422065 -2.04021287 0.00000000
v 0.82996386 -2.04543734 0.00000000
v 0.83044547 -2.05259323 0.00045421
v 0.82715309 -2.05156231 0
v 0.85259449 -2.04574585 0.34905735
v 0.85259449 -2.04441404 0.35227227
v 0.85259449 -2.04229569 0.35503298
v 0.85259449 -2.03953505 0.35715136
v 0.85259449 -2.03632021 0.35848305
v 0.85259449 -2.03287005 0.35893723
v 0.84127915 -2.05248356 0.34560728
v 0.83987379 -2.05554605 0.34560728
v 0.84340757 -2.04987144 0.34560728
v 0.84612304 -2.04787636 0.34560728
v 0.84925199 -2.04662585 0.34560728
v 0.67542100 -2.58065391 0.01332995
v 0.67498755 -2.58051825 0.00987990
v 0.67371672 -2.58012009 0.00666497
v 0.67169517 -2.57948709 0.00390425
v 0.66906065 -2.57866192 0.00178587
v 0.66599268 -2.57770109 0.00045421
v 0.66270030 -2.57667017 0
v 0.84590942 -2.03372192 0.35893723
v 0.84677452 -2.03706169 0.35848305
v 0.83965153 -2.03622270 0.35893723
v 0.84132648 -2.03923893 0.35848305
v 0.83422065 -2.04021287 0.35893723
v 0.83659840 -2.04271269 0.35848305
v 0.82996386 -2.04543734 0.35893723
v 0.83289248 -2.04726100 0.35848305
v 0.82715309 -2.05156231 0.35893723
v 0.84758067 -2.04017377 0.35715136
v 0.84288728 -2.04204941 0.35715136
v 0.83881414 -2.04504204 0.35715136
v 0.83562148 -2.04896045 0.35715136
v 0.83044547 -2.05259323 0.35848305
v 0.84827298 -2.04284644 0.35503298
v 0.84422755 -2.04446292 0.35503298
v 0.84071678 -2.04704237 0.35503298
v 0.83796501 -2.05041981 0.35503298
v 0.83351344 -2.05355406 0.35715136
v 0.84880418 -2.04489708 0.35227227
v 0.84525597 -2.04631495 0.35227227
v 0.84217674 -2.04857731 0.35227227
v 0.83976322 -2.05153966 0.35227227
v 0.83614796 -2.05437922 0.35503298
v 0.84913808 -2.04618621 0.34905735
v 0.84590250 -2.04747915 0.34905735
v 0.84309453 -2.04954219 0.34905735
v 0.84089363 -2.05224347 0.34905735
v 0.83816952 -2.05501246 0.35227227
v 0.83944035 -2.05541039 0.34905735
v 0.67542100 -2.58065391 0.34560728
v 0.67498755 -2.58051825 0.34905735
v 0.67371672 -2.58012009 0.35227227
v 0.67169517 -2.57948709 0.35503298
v 0.66906065 -2.57866192 0.35715136
v 0.66599268 -2.57770109 0.35848305
v 0.67401564 -2.58371639 0.34560728
v 0.67401564 -2.58371639 0.01332995
v 0.67188722 -2.58632874 0.34560728
v 0.67188722 -2.58632874 0.01332995
v 0.66917175 -2.58832359 0.34560728
v 0.66917175 -2.58832359 0.01332995
v 0.66604280 -2.58957410 0.34560728
v 0.66604280 -2.58957410 0.01332995
v 0.66270030 -2.58999991 0.01332995
v 0.66592890 -2.58913445 0.34905735
v 0.66895127 -2.58792663 0.34905735
v 0.67157418 -2.58599949 0.34905735
v 0.67363006 -2.58347631 0.34905735
v 0.66559500 -2.58784533 0.35227227
v 0.66830474 -2.58676243 0.35227227
v 0.67065638 -2.58503461 0.35227227
v 0.67249966 -2.58277225 0.35227227
v 0.66506380 -2.58579469 0.35503298
v 0.66727632 -2.58491039 0.35503298
v 0.66919643 -2.58349967 0.35503298
v 0.67070144 -2.58165264 0.35503298
v 0.66437155 -2.58312201 0.35715136
v 0.66593605 -2.58249688 0.35715136
v 0.66729373 -2.58149934 0.35715136
v 0.66835797 -2.58019328 0.35715136
v 0.66356540 -2.58000994 0.35848305
v 0.66437525 -2.57968616 0.35848305
v 0.66507804 -2.57916999 0.35848305
v 0.66562891 -2.57849383 0.35848305
v 0.01856317 -2.58954573 0.00987990
v 0.66270030 -2.58954573 0.00987990
v 0.01856317 -2.58821416 0.00666497
v 0.66270030 -2.58821416 0.00666497
v 0.01856317 -2.58609581 0.00390425
v 0.66270030 -2.58609581 0.00390425
v 0.01856317 -2.58333492 0.00178587
v 0.66270030 -2.58333492 0.00178587
v 0.01856317 -2.58012009 0.00045421
v 0.66270030 -2.58012009 0.00045421
v 0.01511804 -2.58907628 0.00987990
v 0.01192414 -2.58770227 0.00987990
v 0.00921437 -2.58552361 0.00987990
v 0.00718632 -2.58269930 0.00987990
v 0.00598790 -2.57943535 0.00987990
v 0.00570648 -2.57596993 0.00987990
v 0.01547435 -2.58779311 0.00666497
v 0.01261078 -2.58656120 0.00666497
v 0.01018126 -2.58460784 0.00666497
v 0.00836297 -2.58207583 0.00666497
v 0.00728849 -2.57914948 0.00666497
v 0.00703617 -2.57604218 0.00666497
v 0.01604116 -2.58575201 0.00390425
v 0.01370306 -2.58474612 0.00390425
v 0.01171937 -2.58315134 0.00390425
v 0.01023474 -2.58108377 0.00390425
v 0.00935743 -2.57869434 0.00390425
v 0.00915142 -2.57615757 0.00390425
v 0.01677984 -2.58309197 0.00178587
v 0.01512655 -2.58238077 0.00178587
v 0.01372387 -2.58125305 0.00178587
v 0.01267408 -2.57979107 0.00178587
v 0.01205373 -2.57810140 0.00178587
v 0.01190805 -2.57630754 0.00178587
v 0.01764005 -2.57999420 0.00045421
v 0.01678425 -2.57962608 0.00045421
v 0.01605816 -2.57904243 0.00045421
v 0.01551475 -2.57828569 0.00045421
v 0.01519363 -2.57741094 0.00045421
v 0.01511823 -2.57648253 0.00045421
v 0.67363006 -2.58347631 0.00987990
v 0.67157418 -2.58599949 0.00987990
v 0.66895127 -2.58792663 0.00987990
v 0.66592890 -2.58913445 0.00987990
v 0.67249966 -2.58277225 0.00666497
v 0.67065638 -2.58503461 0.00666497
v 0.66830474 -2.58676243 0.00666497
v 0.66559500 -2.58784533 0.00666497
v 0.67070144 -2.58165264 0.00390425
v 0.66919643 -2.58349967 0.00390425
v 0.66727632 -2.58491039 0.00390425
v 0.66506380 -2.58579469 0.00390425
v 0.66835797 -2.58019328 0.00178587
v 0.66729373 -2.58149934 0.00178587
v 0.66593605 -2.58249688 0.00178587
v 0.66437155 -2.58312201 0.00178587
v 0.66562891 -2.57849383 0.00045421
v 0.66507804 -2.57916999 0.00045421
v 0.66437525 -2.57968616 0.00045421
v 0.66356540 -2.58000994 0.00045421
v 1.28969240 -0.63922906 0
v 1.59490073 -1.54937720 0
v 1.31512904 -0.65790612 0
v 1.59610653 -1.55639374 0.00000000
v 1.00986362 -1.58401990 0
v 1.56946409 -1.58401990 0
v 1.29637444 -0.64008003 0.00000000
v 1.00281024 -1.58306992 0.00000000
v 1.28905368 -0.63922906 0
v 1.31231630 -0.65178549 0.00000000
v 0.98322076 -1.55640721 0.00000000
v 1.30262983 -0.64257860 0.00000000
v 1.30805933 -0.64656526 0.00000000
v 0.99625951 -1.58028769 0.00000000
v 0.98391801 -1.56349003 0.00000000
v 1.26361227 -0.65792125 0
v 0.98442221 -1.54939234 0
v 1.58307207 -1.58028543 0.00000000
v 0.99067831 -1.57587147 0.00000000
v 0.98646438 -1.57013607 0.00000000
v 1.26642311 -0.65179628 0.00000000
v 1.27611077 -0.64258164 0.00000000
v 1.27067983 -0.64657182 0.00000000
v 1.28236866 -0.64008081 0.00000000
v 1.58865416 -1.57586658 0.00000000
v 1.59286761 -1.57012808 0.00000000
v 1.59541225 -1.56347907 0.00000000
v 1.57651961 -1.58306932 0.00000000
v 1.00986362 -1.57069004 0.01332995
v 1.56946409 -1.57069004 0.01332995
v 1.56946409 -1.57114422 0.00987990
v 1.00986362 -1.57114422 0.00987990
v 1.56946409 -1.57247591 0.00666497
v 1.00986362 -1.57247591 0.00666497
v 1.56946409 -1.57459426 0.00390425
v 1.00986362 -1.57459426 0.00390425
v 1.56946409 -1.57735503 0.00178587
v 1.00986362 -1.57735503 0.00178587
v 1.56946409 -1.58056986 0.00045421
v 1.00986362 -1.58056986 0.00045421
v 1.57299185 -1.57021475 0.01332995
v 1.57311213 -1.57065272 0.00987990
v 1.57626808 -1.56882274 0.01332995
v 1.57649994 -1.56921327 0.00987990
v 1.57905912 -1.56661332 0.01332995
v 1.57938600 -1.56692863 0.00987990
v 1.58116591 -1.56374407 0.01332995
v 1.58156455 -1.56396163 0.00987990
v 1.58243823 -1.56041956 0.01332995
v 1.58288026 -1.56052387 0.00987990
v 1.58278525 -1.55687690 0.01332995
v 1.58323920 -1.55686045 0.00987990
v 1.58218241 -1.55336869 0.01332995
v 1.57346451 -1.57193696 0.00666497
v 1.57717967 -1.57035840 0.00666497
v 1.58034456 -1.56785309 0.00666497
v 1.58273363 -1.56459939 0.00666497
v 1.58417642 -1.56082952 0.00666497
v 1.58456993 -1.55681217 0.00666497
v 1.58261585 -1.55323267 0.00987990
v 1.57402515 -1.57397974 0.00390425
v 1.57826090 -1.57218003 0.00390425
v 1.58186936 -1.56932354 0.00390425
v 1.58459330 -1.56561387 0.00390425
v 1.58623815 -1.56131566 0.00390425
v 1.58668697 -1.55673540 0.00390425
v 1.58388638 -1.55283391 0.00666497
v 1.57475579 -1.57664204 0.00178587
v 1.57967007 -1.57455409 0.00178587
v 1.58385658 -1.57123995 0.00178587
v 1.58701682 -1.56693614 0.00178587
v 1.58892524 -1.56194937 0.00178587
v 1.58944583 -1.55663526 0.00178587
v 1.58590758 -1.55219960 0.00390425
v 1.57560658 -1.57974231 0.00045421
v 1.58131111 -1.57731867 0.00045421
v 1.58617079 -1.57347167 0.00045421
v 1.58983898 -1.56847584 0.00045421
v 1.59205437 -1.56268728 0.00045421
v 1.59265864 -1.55651879 0.00045421
v 1.58854163 -1.55137289 0.00178587
v 1.59160900 -1.55041027 0.00045421
v 0.99670947 -1.55324042 0.00987990
v 0.99714291 -1.55337620 0.01332995
v 0.99654216 -1.55688369 0.01332995
v 0.99608827 -1.55686748 0.00987990
v 0.99689084 -1.56042504 0.01332995
v 0.99644876 -1.56052947 0.00987990
v 0.99816400 -1.56374800 0.01332995
v 0.99776536 -1.56396568 0.00987990
v 1.00027096 -1.56661582 0.01332995
v 0.99994409 -1.56693113 0.00987990
v 1.00306153 -1.56882393 0.01332995
v 1.00282979 -1.56921446 0.00987990
v 1.00633693 -1.57021499 0.01332995
v 1.00621676 -1.57065308 0.00987990
v 0.99543864 -1.55284250 0.00666497
v 0.99475741 -1.55681980 0.00666497
v 0.99515277 -1.56083572 0.00666497
v 0.99659652 -1.56460392 0.00666497
v 0.99898577 -1.56785583 0.00666497
v 1.00215030 -1.57035971 0.00666497
v 1.00586438 -1.57193720 0.00666497
v 0.99341708 -1.55220938 0.00390425
v 0.99264044 -1.55674410 0.00390425
v 0.99309117 -1.56132281 0.00390425
v 0.99473727 -1.56561911 0.00390425
v 0.99746132 -1.56932676 0.00390425
v 1.00106931 -1.57218158 0.00390425
v 1.00530398 -1.57398009 0.00390425
v 0.99078256 -1.55138421 0.00178587
v 0.98988146 -1.55664551 0.00178587
v 0.99040443 -1.56195760 0.00178587
v 0.99231416 -1.56694210 0.00178587
v 0.99547464 -1.57124364 0.00178587
v 0.99966055 -1.57455575 0.00178587
v 1.00457358 -1.57664251 0.00178587
v 0.98771453 -1.55042338 0.00045421
v 0.98666859 -1.55653059 0.00045421
v 0.98727566 -1.56269681 0.00045421
v 0.98949248 -1.56848276 0.00045421
v 0.99316108 -1.57347596 0.00045421
v 0.99801999 -1.57732069 0.00045421
v 1.00372303 -1.57974291 0.00045421
v 1.00986362 -1.57069004 0.34560728
v 1.56946409 -1.57069004 0.34560728
v 1.30241072 -0.66189754 0.01332995
v 1.30284405 -0.66176152 0.00987990
v 1.30411470 -0.66136277 0.00666497
v 1.30613589 -0.66072845 0.00390425
v 1.30876994 -0.65990180 0.00178587
v 1.31183732 -0.65893918 0.00045421
v 1.58278525 -1.55687690 0.34560728
v 1.58218241 -1.55336869 0.34560728
v 1.58243823 -1.56041956 0.34560728
v 1.58116591 -1.56374407 0.34560728
v 1.57905912 -1.56661332 0.34560728
v 1.57626808 -1.56882274 0.34560728
v 1.57299185 -1.57021475 0.34560728
v 1.28969240 -0.65255898 0.01332995
v 1.28905368 -0.65255898 0.01332995
v 1.28905368 -0.65210479 0.00987990
v 1.28969240 -0.65210479 0.00987990
v 1.28905368 -0.65077311 0.00666497
v 1.28969240 -0.65077311 0.00666497
v 1.28905368 -0.64865476 0.00390425
v 1.28969240 -0.64865476 0.00390425
v 1.28905368 -0.64589405 0.00178587
v 1.28969240 -0.64589405 0.00178587
v 1.28905368 -0.64267910 0.00045421
v 1.28969240 -0.64267910 0.00045421
v 1.27633297 -0.66190511 0.01332995
v 1.27589953 -0.66176933 0.00987990
v 1.27462876 -0.66137135 0.00666497
v 1.27260721 -0.66073823 0.00390425
v 1.26997268 -0.65991318 0.00178587
v 1.26690471 -0.65895236 0.00045421
v 1.00633693 -1.57021499 0.34560728
v 1.00306153 -1.56882393 0.34560728
v 1.00027096 -1.56661582 0.34560728
v 0.99816400 -1.56374800 0.34560728
v 0.99689084 -1.56042504 0.34560728
v 0.99654216 -1.55688369 0.34560728
v 0.99714291 -1.55337620 0.34560728
v 1.00986362 -1.57114422 0.34905735
v 1.56946409 -1.57114422 0.34905735
v 1.00986362 -1.57247591 0.35227227
v 1.56946409 -1.57247591 0.35227227
v 1.00986362 -1.57459426 0.35503298
v 1.56946409 -1.57459426 0.35503298
v 1.00986362 -1.57735503 0.35715136
v 1.56946409 -1.57735503 0.35715136
v 1.00986362 -1.58056986 0.35848305
v 1.56946409 -1.58056986 0.35848305
v 1.00986362 -1.58401990 0.35893723
v 1.56946409 -1.58401990 0.35893723
v 1.57651961 -1.58306932 0.35893723
v 1.57560658 -1.57974231 0.35848305
v 1.58307207 -1.58028543 0.35893723
v 1.58131111 -1.57731867 0.35848305
v 1.58865416 -1.57586658 0.35893723
v 1.58617079 -1.57347167 0.35848305
v 1.59286761 -1.57012808 0.35893723
v 1.58983898 -1.56847584 0.35848305
v 1.59541225 -1.56347907 0.35893723
v 1.59205437 -1.56268728 0.35848305
v 1.59610653 -1.55639374 0.35893723
v 1.59265864 -1.55651879 0.35848305
v 1.59490073 -1.54937720 0.35893723
v 1.57475579 -1.57664204 0.35715136
v 1.57967007 -1.57455409 0.35715136
v 1.58385658 -1.57123995 0.35715136
v 1.58701682 -1.56693614 0.35715136
v 1.58892524 -1.56194937 0.35715136
v 1.58944583 -1.55663526 0.35715136
v 1.59160900 -1.55041027 0.35848305
v 1.57402515 -1.57397974 0.35503298
v 1.57826090 -1.57218003 0.35503298
v 1.58186936 -1.56932354 0.35503298
v 1.58459330 -1.56561387 0.35503298
v 1.58623815 -1.56131566 0.35503298
v 1.58668697 -1.55673540 0.35503298
v 1.58854163 -1.55137289 0.35715136
v 1.57346451 -1.57193696 0.35227227
v 1.57717967 -1.57035840 0.35227227
v 1.58034456 -1.56785309 0.35227227
v 1.58273363 -1.56459939 0.35227227
v 1.58417642 -1.56082952 0.35227227
v 1.58456993 -1.55681217 0.35227227
v 1.58590758 -1.55219960 0.35503298
v 1.57311213 -1.57065272 0.34905735
v 1.57649994 -1.56921327 0.34905735
v 1.57938600 -1.56692863 0.34905735
v 1.58156455 -1.56396163 0.34905735
v 1.58288026 -1.56052387 0.34905735
v 1.58323920 -1.55686045 0.34905735
v 1.58388638 -1.55283391 0.35227227
v 1.58261585 -1.55323267 0.34905735
v 1.30241072 -0.66189754 0.34560728
v 1.30100441 -0.65883726 0.01332995
v 1.30138981 -0.65859693 0.00987990
v 1.29887581 -0.65622711 0.01332995
v 1.29918873 -0.65589786 0.00987990
v 1.29616106 -0.65423375 0.01332995
v 1.29638147 -0.65383661 0.00987990
v 1.29303336 -0.65298450 0.01332995
v 1.29314721 -0.65254480 0.00987990
v 1.30251992 -0.65789247 0.00666497
v 1.30010617 -0.65493268 0.00666497
v 1.29702771 -0.65267229 0.00666497
v 1.29348099 -0.65125561 0.00666497
v 1.30431759 -0.65677184 0.00390425
v 1.30156565 -0.65339720 0.00390425
v 1.29805577 -0.65082002 0.00390425
v 1.29401195 -0.64920485 0.00390425
v 1.30666029 -0.65531135 0.00178587
v 1.30346763 -0.65139616 0.00178587
v 1.29939544 -0.64840615 0.00178587
v 1.29470384 -0.64653224 0.00178587
v 1.30938864 -0.65361065 0.00045421
v 1.30568242 -0.64906591 0.00045421
v 1.30095553 -0.64559519 0.00045421
v 1.29550970 -0.64341992 0.00045421
v 1.28571117 -0.65298486 0.01332995
v 1.28559732 -0.65254515 0.00987990
v 1.28258228 -0.65423530 0.01332995
v 1.28236175 -0.65383822 0.00987990
v 1.27986681 -0.65623039 0.01332995
v 1.27955377 -0.65590125 0.00987990
v 1.27773833 -0.65884262 0.01332995
v 1.27735281 -0.65860254 0.00987990
v 1.28526342 -0.65125608 0.00666497
v 1.28171515 -0.65267402 0.00666497
v 1.27863598 -0.65493637 0.00666497
v 1.27622247 -0.65789860 0.00666497
v 1.28473222 -0.64920539 0.00390425
v 1.28068674 -0.65082204 0.00390425
v 1.27717602 -0.65340143 0.00390425
v 1.27442420 -0.65677875 0.00390425
v 1.28403986 -0.64653283 0.00178587
v 1.27934647 -0.64840847 0.00178587
v 1.27527332 -0.65140110 0.00178587
v 1.27208066 -0.65531945 0.00178587
v 1.28323376 -0.64342064 0.00045421
v 1.27778566 -0.64559782 0.00045421
v 1.27305758 -0.64907163 0.00045421
v 1.26935172 -0.65362000 0.00045421
v 1.27633297 -0.66190511 0.34560728
v 0.98771453 -1.55042338 0.35848305
v 0.98442221 -1.54939234 0.35893723
v 0.98322076 -1.55640721 0.35893723
v 0.98666859 -1.55653059 0.35848305
v 0.98391801 -1.56349003 0.35893723
v 0.98727566 -1.56269681 0.35848305
v 0.98646438 -1.57013607 0.35893723
v 0.98949248 -1.56848276 0.35848305
v 0.99067831 -1.57587147 0.35893723
v 0.99316108 -1.57347596 0.35848305
v 0.99625951 -1.58028769 0.35893723
v 0.99801999 -1.57732069 0.35848305
v 1.00281024 -1.58306992 0.35893723
v 1.00372303 -1.57974291 0.35848305
v 0.99078256 -1.55138421 0.35715136
v 0.98988146 -1.55664551 0.35715136
v 0.99040443 -1.56195760 0.35715136
v 0.99231416 -1.56694210 0.35715136
v 0.99547464 -1.57124364 0.35715136
v 0.99966055 -1.57455575 0.35715136
v 1.00457358 -1.57664251 0.35715136
v 0.99341708 -1.55220938 0.35503298
v 0.99264044 -1.55674410 0.35503298
v 0.99309117 -1.56132281 0.35503298
v 0.99473727 -1.56561911 0.35503298
v 0.99746132 -1.56932676 0.35503298
v 1.00106931 -1.57218158 0.35503298
v 1.00530398 -1.57398009 0.35503298
v 0.99543864 -1.55284250 0.35227227
v 0.99475741 -1.55681980 0.35227227
v 0.99515277 -1.56083572 0.35227227
v 0.99659652 -1.56460392 0.35227227
v 0.99898577 -1.56785583 0.35227227
v 1.00215030 -1.57035971 0.35227227
v 1.00586438 -1.57193720 0.35227227
v 0.99670947 -1.55324042 0.34905735
v 0.99608827 -1.55686748 0.34905735
v 0.99644876 -1.56052947 0.34905735
v 0.99776536 -1.56396568 0.34905735
v 0.99994409 -1.56693113 0.34905735
v 1.00282979 -1.56921446 0.34905735
v 1.00621676 -1.57065308 0.34905735
v 1.28969240 -0.65255898 0.34560728
v 1.28905368 -0.65255898 0.34560728
v 1.30284405 -0.66176152 0.34905735
v 1.30411470 -0.66136277 0.35227227
v 1.30613589 -0.66072845 0.35503298
v 1.30876994 -0.65990180 0.35715136
v 1.31183732 -0.65893918 0.35848305
v 1.31512904 -0.65790612 0.35893723
v 1.29303336 -0.65298450 0.34560728
v 1.29616106 -0.65423375 0.34560728
v 1.29887581 -0.65622711 0.34560728
v 1.30100441 -0.65883726 0.34560728
v 1.31231630 -0.65178549 0.35893723
v 1.30938864 -0.65361065 0.35848305
v 1.30805933 -0.64656526 0.35893723
v 1.30568242 -0.64906591 0.35848305
v 1.30262983 -0.64257860 0.35893723
v 1.30095553 -0.64559519 0.35848305
v 1.29637444 -0.64008003 0.35893723
v 1.29550970 -0.64341992 0.35848305
v 1.28969240 -0.63922906 0.35893723
v 1.30666029 -0.65531135 0.35715136
v 1.30346763 -0.65139616 0.35715136
v 1.29939544 -0.64840615 0.35715136
v 1.29470384 -0.64653224 0.35715136
v 1.28969240 -0.64267910 0.35848305
v 1.30431759 -0.65677184 0.35503298
v 1.30156565 -0.65339720 0.35503298
v 1.29805577 -0.65082002 0.35503298
v 1.29401195 -0.64920485 0.35503298
v 1.28969240 -0.64589405 0.35715136
v 1.30251992 -0.65789247 0.35227227
v 1.30010617 -0.65493268 0.35227227
v 1.29702771 -0.65267229 0.35227227
v 1.29348099 -0.65125561 0.35227227
v 1.28969240 -0.64865476 0.35503298
v 1.30138981 -0.65859693 0.34905735
v 1.29918873 -0.65589786 0.34905735
v 1.29638147 -0.65383661 0.34905735
v 1.29314721 -0.65254480 0.34905735
v 1.28969240 -0.65077311 0.35227227
v 1.28969240 -0.65210479 0.34905735
v 1.28905368 -0.63922906 0.35893723
v 1.28236866 -0.64008081 0.35893723
v 1.27611077 -0.64258164 0.35893723
v 1.26642311 -0.65179628 0.35893723
v 1.27067983 -0.64657182 0.35893723
v 1.26361227 -0.65792125 0.35893723
v 1.27773833 -0.65884262 0.34560728
v 1.27986681 -0.65623039 0.34560728
v 1.28258228 -0.65423530 0.34560728
v 1.28571117 -0.65298486 0.34560728
v 1.27589953 -0.66176933 0.34905735
v 1.27462876 -0.66137135 0.35227227
v 1.27260721 -0.66073823 0.35503298
v 1.26997268 -0.65991318 0.35715136
v 1.26690471 -0.65895236 0.35848305
v 1.28905368 -0.64267910 0.35848305
v 1.28323376 -0.64342064 0.35848305
v 1.27778566 -0.64559782 0.35848305
v 1.27305758 -0.64907163 0.35848305
v 1.26935172 -0.65362000 0.35848305
v 1.28905368 -0.64589405 0.35715136
v 1.28403986 -0.64653283 0.35715136
v 1.27934647 -0.64840847 0.35715136
v 1.27527332 -0.65140110 0.35715136
v 1.27208066 -0.65531945 0.35715136
v 1.28905368 -0.64865476 0.35503298
v 1.28473222 -0.64920539 0.35503298
v 1.28068674 -0.65082204 0.35503298
v 1.27717602 -0.65340143 0.35503298
v 1.27442420 -0.65677875 0.35503298
v 1.28905368 -0.65077311 0.35227227
v 1.28526342 -0.65125608 0.35227227
v 1.28171515 -0.65267402 0.35227227
v 1.27863598 -0.65493637 0.35227227
v 1.27622247 -0.65789860 0.35227227
v 1.28905368 -0.65210479 0.34905735
v 1.28559732 -0.65254515 0.34905735
v 1.28236175 -0.65383822 0.34905735
v 1.27955377 -0.65590125 0.34905735
v 1.27735281 -0.65860254 0.34905735
vt 0 0.16666667
vt 0 0
vt 0.14285715 0
vt 0.14285715 0.16666667
vt 0.28571430 0
vt 0.28571430 0.16666667
vt 0.42857143 0
vt 0.42857143 0.16666667
vt 0.57142860 0
vt 0.57142860 0.16666667
vt 0.71428573 0
vt 0.71428573 0.16666667
vt 0.85714287 0
vt 0.85714287 0.16666667
vt 1 0
vt 0 0.33333334
vt 0.14285715 0.33333334
vt 0.28571430 0.33333334
vt 0.42857143 0.33333334
vt 0.57142860 0.33333334
vt 0.71428573 0.33333334
vt 0.85714287 0.33333334
vt 1 0.16666667
vt 0 0.50000000
vt 0.14285715 0.50000000
vt 0.28571430 0.50000000
vt 0.42857143 0.50000000
vt 0.57142860 0.50000000
vt 0.71428573 0.50000000
vt 0.85714287 0.50000000
vt 1 0.33333334
vt 0 0.66666669
vt 0.14285715 0.66666669
vt 0.28571430 0.66666669
vt 0.42857143 0.66666669
vt 0.57142860 0.66666669
vt 0.71428573 0.66666669
vt 0.85714287 0.66666669
vt 1 0.50000000
vt 0 0.83333331
vt 0.14285715 0.83333331
vt 0.28571430 0.83333331
vt 0.42857143 0.83333331
vt 0.57142860 0.83333331
vt 0.71428573 0.83333331
vt 0.85714287 0.83333331
vt 1 0.66666669
vt 0.92857140 1
vt 1 0.83333331
vt 0 1
vt 0 0
vt 0.16666667 0
vt 0.16666667 1
vt 0.33333334 0
vt 0.33333334 1
vt 0.50000000 0
vt 0.50000000 1
vt 0.66666669 0
vt 0.66666669 1
vt 0.83333331 0
vt 0.83333331 1
vt 1 0
vt 1 1
vt 1 0
vt 1 1
vt 0 1
vt 0 0
vt 0 0.16666667
vt 0 0
vt 0.20000000 0
vt 0.20000000 0.16666667
vt 0.40000001 0
vt 0.40000001 0.16666667
vt 0.60000002 0
vt 0.60000002 0.16666667
vt 0.80000001 0
vt 0.80000001 0.16666667
vt 1 0
vt 0 0.33333334
vt 0.20000000 0.33333334
vt 0.40000001 0.33333334
vt 0.60000002 0.33333334
vt 0.80000001 0.33333334
vt 1 0.16666667
vt 0 0.50000000
vt 0.20000000 0.50000000
vt 0.40000001 0.50000000
vt 0.60000002 0.50000000
vt 0.80000001 0.50000000
vt 1 0.33333334
vt 0 0.66666669
vt 0.20000000 0.66666669
vt 0.40000001 0.66666669
vt 0.60000002 0.66666669
vt 0.80000001 0.66666669
vt 1 0.50000000
vt 0 0.83333331
vt 0.20000000 0.83333331
vt 0.40000001 0.83333331
vt 0.60000002 0.83333331
vt 0.80000001 0.83333331
vt 1 0.66666669
vt 0.89999998 1
vt 1 0.83333331
vt 0 1
vt 0 0
vt 0.20000000 0
vt 0.20000000 1
vt 0.40000001 0
vt 0.40000001 1
vt 0.60000002 0
vt 0.60000002 1
vt 0.80000001 0
vt 0.80000001 1
vt 1 0
vt 1 1
vt 0 1
vt 0 0
vt 0.16666667 0
vt 0.16666667 1
vt 0.33333334 0
vt 0.33333334 1
vt 0.50000000 0
vt 0.50000000 1
vt 0.66666669 0
vt 0.66666669 1
vt 0.83333331 0
vt 0.83333331 1
vt 1 0
vt 1 1
vt 0 0.16666667
vt 0 0
vt 0.20000000 0
vt 0.20000000 0.16666667
vt 0.40000001 0
vt 0.40000001 0.16666667
vt 0.60000002 0
vt 0.60000002 0.16666667
vt 0.80000001 0
vt 0.80000001 0.16666667
vt 1 0
vt 0 0.33333334
vt 0.20000000 0.33333334
vt 0.40000001 0.33333334
vt 0.60000002 0.33333334
vt 0.80000001 0.33333334
vt 1 0.16666667
vt 0 0.50000000
vt 0.20000000 0.50000000
vt 0.40000001 0.50000000
vt 0.60000002 0.50000000
vt 0.80000001 0.50000000
vt 1 0.33333334
vt 0 0.66666669
vt 0.20000000 0.66666669
vt 0.40000001 0.66666669
vt 0.60000002 0.66666669
vt 0.80000001 0.66666669
vt 1 0.50000000
vt 0 0.83333331
vt 0.20000000 0.83333331
vt 0.40000001 0.83333331
vt 0.60000002 0.83333331
vt 0.80000001 0.83333331
vt 1 0.66666669
vt 0.89999998 1
vt 1 0.83333331
vt 0.99250048 0.00000000
vt 0.99443746 0.00010964
vt 0.99626774 0.00043727
vt 0.99787039 0.00097562
vt 0.99954629 0.00212436
vt 0.99984264 0.00257270
vt 0.99910724 0.00170221
vt 0 1
vt 0 0.00000000
vt 1 0.00323117
vt 1 1
vt 0.16666667 0
vt 0.16666667 1
vt 0.33333334 0
vt 0.33333334 1
vt 0.50000000 0
vt 0.50000000 1
vt 0.66666669 0
vt 0.66666669 1
vt 0.83333331 0
vt 0.83333331 1
vt 1 0
vt 1 1
vt 0 1
vt 0 0.00000000
vt 0.16666667 0.00000000
vt 0.16666667 1
vt 0.33333334 0.00000000
vt 0.33333334 1
vt 0.50000000 0.00000000
vt 0.50000000 1
vt 0.66666669 0.00000000
vt 0.66666669 1
vt 0.83333331 0.00000000
vt 0.83333331 1
vt 1 0.00000000
vt 1 1
vt 0 1
vt 0 0
vt 0.14285715 0
vt 0.14285715 1
vt 0.28571430 0
vt 0.28571430 1
vt 0.42857143 0
vt 0.42857143 1
vt 0.57142860 0
vt 0.57142860 1
vt 0.71428573 0
vt 0.71428573 1
vt 0.85714287 0
vt 0.85714287 1
vt 1 0
vt 1 1
vt 0 0
vt 0.16666667 0
vt 0.16666667 1
vt 0.33333334 0
vt 0.33333334 1
vt 0.50000000 0
vt 0.50000000 1
vt 0.66666669 0
vt 0.66666669 1
vt 0.83333331 0
vt 0.83333331 1
vt 1 0
vt 1 1
vt 0.00000000 1
vt 0.00000000 0
vt 0.16666667 0
vt 0.20000000 1
vt 0.20000000 0
vt 0.33333334 0
vt 0.40000001 1
vt 0.60000002 1
vt 0.50000000 0
vt 0.40000001 0
vt 0.60000002 0
vt 0.66666669 0
vt 0.80000001 1
vt 0.80000001 0
vt 0.83333331 0
vt 1 1
vt 1 0
vt 0 0
vt 0.16631289 0
vt 0.16631289 0.16666667
vt 0 0.20000000
vt 0.16631289 0.33333334
vt 0 0.33333334
vt 0.16631289 0.50000000
vt 0 0.50000000
vt 0 0.40000001
vt 0.16631289 0.66666669
vt 0 0.66666669
vt 0 0.60000002
vt 0.16631289 0.83333331
vt 0 0.80000001
vt 0 0.83333331
vt 0.16631289 1
vt 0 1
vt 0.33505225 0
vt 0.33505225 0.16666667
vt 0.33505225 0.33333334
vt 0.33505225 0.50000000
vt 0.33505225 0.66666669
vt 0.33505225 0.83333331
vt 0.33505225 1
vt 0.50809216 0
vt 0.50809216 0.16666667
vt 0.50809216 0.33333334
vt 0.50809216 0.50000000
vt 0.50809216 0.66666669
vt 0.50809216 0.83333331
vt 0.50809216 1
vt 0.68620288 0.16666667
vt 0.66666979 0
vt 0.68620288 0.33333334
vt 0.68620288 0.50000000
vt 0.68620288 0.66666669
vt 0.68620288 0.83333331
vt 0.68620288 1
vt 0.68620288 0
vt 0.77742326 0
vt 0.77742326 0.16666667
vt 0.77742326 0.33333334
vt 0.77742326 0.50000000
vt 0.77742326 0.66666669
vt 0.77742326 0.83333331
vt 0.77742326 1
vt 0.86934978 0.16666667
vt 0.83333451 0
vt 0.86934978 0.33333334
vt 0.86934978 0.50000000
vt 0.86934978 0.66666669
vt 0.86934978 0.83333331
vt 0.86934978 1
vt 1 0.16666667
vt 0.86934978 0
vt 1 0.33333334
vt 1 0.50000000
vt 1 0.66666669
vt 1 0.83333331
vt 1 1
vt 1 0
vt 0 0.16666667
vt 0.86934978 0.99400860
vt 0.90788031 0.00619149
vt 1 0.00623574
vt 0.83333397 0.00615631
vt 1 0.99407113
vt 0.66666836 0.00608230
vt 0.77742326 0.99396604
vt 0.68620288 0.99392593
vt 0.81632107 0.00614842
vt 0.72563338 0.00610754
vt 0.83333451 0.99399173
vt 0.50809216 0.99385691
vt 0.63604701 0.00606970
vt 0.50000626 0.00601874
vt 0.33505225 0.99380577
vt 0.45934469 0.00600533
vt 0.33333930 0.00596997
vt 0.16631289 0.99377465
vt 0.28763819 0.00595965
vt 0.16667044 0.00593931
vt 0 0.99376428
vt 0.11979783 0.00593427
vt 0 0.00592885
vt 0.66666979 0.99391770
vt 0 0.16666667
vt 0 0
vt 0.14285715 0
vt 0.14285715 0.16666667
vt 0.28571430 0
vt 0.28571430 0.16666667
vt 0.42857143 0
vt 0.42857143 0.16666667
vt 0.57142860 0
vt 0.57142860 0.16666667
vt 0.71428573 0
vt 0.71428573 0.16666667
vt 0.85714287 0
vt 0.85714287 0.16666667
vt 1 0
vt 0 0.33333334
vt 0.14285715 0.33333334
vt 0.28571430 0.33333334
vt 0.42857143 0.33333334
vt 0.57142860 0.33333334
vt 0.71428573 0.33333334
vt 0.85714287 0.33333334
vt 1 0.16666667
vt 0 0.50000000
vt 0.14285715 0.50000000
vt 0.28571430 0.50000000
vt 0.42857143 0.50000000
vt 0.57142860 0.50000000
vt 0.71428573 0.50000000
vt 0.85714287 0.50000000
vt 1 0.33333334
vt 0 0.66666669
vt 0.14285715 0.66666669
vt 0.28571430 0.66666669
vt 0.42857143 0.66666669
vt 0.57142860 0.66666669
vt 0.71428573 0.66666669
vt 0.85714287 0.66666669
vt 1 0.50000000
vt 0 0.83333331
vt 0.14285715 0.83333331
vt 0.28571430 0.83333331
vt 0.42857143 0.83333331
vt 0.57142860 0.83333331
vt 0.71428573 0.83333331
vt 0.85714287 0.83333331
vt 1 0.66666669
vt 0.92857140 1
vt 1 0.83333331
vt 0 0
vt 1 0
vt 1 1
vt 0 1
vt 0.16666667 0
vt 0.16666667 1
vt 0.33333334 0
vt 0.33333334 1
vt 0.50000000 0
vt 0.50000000 1
vt 0.66666669 0
vt 0.66666669 1
vt 0.83333331 0
vt 0.83333331 1
vt 1 0
vt 1 1
vt 0 1
vt 0 0
vt 0.20000000 0
vt 0.20000000 1
vt 0.40000001 0
vt 0.40000001 1
vt 0.60000002 0
vt 0.60000002 1
vt 0.80000001 0
vt 0.80000001 1
vt 1 0
vt 1 1
vt 0 0.16666667
vt 0 0
vt 0.20000000 0
vt 0.20000000 0.16666667
vt 0.40000001 0
vt 0.40000001 0.16666667
vt 0.60000002 0
vt 0.60000002 0.16666667
vt 0.80000001 0
vt 0.80000001 0.16666667
vt 1 0
vt 0 0.33333334
vt 0.20000000 0.33333334
vt 0.40000001 0.33333334
vt 0.60000002 0.33333334
vt 0.80000001 0.33333334
vt 1 0.16666667
vt 0 0.50000000
vt 0.20000000 0.50000000
vt 0.40000001 0.50000000
vt 0.60000002 0.50000000
vt 0.80000001 0.50000000
vt 1 0.33333334
vt 0 0.66666669
vt 0.20000000 0.66666669
vt 0.40000001 0.66666669
vt 0.60000002 0.66666669
vt 0.80000001 0.66666669
vt 1 0.50000000
vt 0 0.83333331
vt 0.20000000 0.83333331
vt 0.40000001 0.83333331
vt 0.60000002 0.83333331
vt 0.80000001 0.83333331
vt 1 0.66666669
vt 0.89999998 1
vt 1 0.83333331
vt 0 1
vt 0 0
vt 0.16666667 0
vt 0.16666667 1
vt 0.33333334 0
vt 0.33333334 1
vt 0.50000000 0
vt 0.50000000 1
vt 0.66666669 0
vt 0.66666669 1
vt 0.83333331 0
vt 0.83333331 1
vt 1 0
vt 1 1
vt 0 0.16666667
vt 0 0
vt 0.20000000 0
vt 0.20000000 0.16666667
vt 0.40000001 0
vt 0.40000001 0.16666667
vt 0.60000002 0
vt 0.60000002 0.16666667
vt 0.80000001 0
vt 0.80000001 0.16666667
vt 1 0
vt 0 0.33333334
vt 0.20000000 0.33333334
vt 0.40000001 0.33333334
vt 0.60000002 0.33333334
vt 0.80000001 0.33333334
vt 1 0.16666667
vt 0 0.50000000
vt 0.20000000 0.50000000
vt 0.40000001 0.50000000
vt 0.60000002 0.50000000
vt 0.80000001 0.50000000
vt 1 0.33333334
vt 0 0.66666669
vt 0.20000000 0.66666669
vt 0.40000001 0.66666669
vt 0.60000002 0.66666669
vt 0.80000001 0.66666669
vt 1 0.50000000
vt 0 0.83333331
vt 0.20000000 0.83333331
vt 0.40000001 0.83333331
vt 0.60000002 0.83333331
vt 0.80000001 0.83333331
vt 1 0.66666669
vt 0.89999998 1
vt 1 0.83333331
vt 0 0
vt 1 0
vt 1 1
vt -0.00000000 1
vt 0.16666667 0.00000000
vt 0.16666667 1
vt 0.33333334 0.00000000
vt 0.33333334 1
vt 0.50000000 0.00000000
vt 0.50000000 1
vt 0.66666669 0.00000000
vt 0.66666669 1
vt 0.83333331 0.00000000
vt 0.83333331 1
vt 1 0.00000000
vt 1 1
vt 0 1
vt 0 0
vt 0.14285715 0
vt 0.14285715 1
vt 0.28571430 0
vt 0.28571430 1
vt 0.42857143 0
vt 0.42857143 1
vt 0.57142860 0
vt 0.57142860 1
vt 0.71428573 0
vt 0.71428573 1
vt 0.85714287 0
vt 0.85714287 1
vt 1 0
vt 1 1
vt 0.09211970 0.14285715
vt 0 0.14285715
vt 0 0
vt 0.09211970 0.28571430
vt 0 0.28571430
vt 0 0.16666667
vt 0.09211970 0.42857143
vt 0 0.42857143
vt 0 0.33333334
vt 0.09211970 0.57142860
vt 0 0.50000000
vt 0 0.57142860
vt 0.09211970 0.71428573
vt 0 0.66666669
vt 0 0.71428573
vt 0.09211970 0.85714287
vt 0 0.83333331
vt 0 0.85714287
vt 0.09211970 1
vt 0.18367891 0.14285715
vt 0.09211970 0
vt 0.16666603 0
vt 0.18367891 0.28571430
vt 0.18367891 0.42857143
vt 0.18367891 0.57142860
vt 0.18367891 0.71428573
vt 0.18367891 0.85714287
vt 0.18367891 1
vt 0.27436659 0.14285715
vt 0.18367891 0
vt 0.27436659 0.28571430
vt 0.27436659 0.42857143
vt 0.27436659 0.57142860
vt 0.27436659 0.71428573
vt 0.27436659 0.85714287
vt 0.27436659 1
vt 0.36395302 0.14285715
vt 0.27436659 0
vt 0.33333161 0
vt 0.36395302 0.28571430
vt 0.36395302 0.42857143
vt 0.36395302 0.57142860
vt 0.36395302 0.71428573
vt 0.36395302 0.85714287
vt 0.36395302 1
vt 0.54065531 0.14285715
vt 0.36395302 0
vt 0.49999377 0
vt 0.54065531 0.28571430
vt 0.54065531 0.42857143
vt 0.54065531 0.57142860
vt 0.54065531 0.71428573
vt 0.54065531 0.85714287
vt 0.54065531 1
vt 0.54065531 0
vt 0.66666073 0
vt 0.71236181 0.14285715
vt 0.71236181 0.28571430
vt 0.71236181 0.42857143
vt 0.71236181 0.57142860
vt 0.71236181 0.71428573
vt 0.71236181 0.85714287
vt 0.71236181 1
vt 0.71236181 0
vt 0.83332956 0
vt 0.88020217 0.14285715
vt 0.88020217 0.28571430
vt 0.88020217 0.42857143
vt 0.88020217 0.57142860
vt 0.88020217 0.71428573
vt 0.88020217 0.85714287
vt 0.88020217 1
vt 1 0.14285715
vt 0.88020217 0
vt 1 0.28571430
vt 1 0.42857143
vt 1 0.57142860
vt 1 0.71428573
vt 1 0.85714287
vt 1 1
vt 1 0
vt 0 1
vt 0.16666667 0
vt 0.16666667 1
vt 0.14285715 1
vt 0 0
vt 0.33333334 0
vt 0.33333334 1
vt 0.28571430 1
vt 0.50000000 0
vt 0.50000000 1
vt 0.42857143 1
vt 0.66666669 0
vt 0.66666669 1
vt 0.57142860 1
vt 0.83333331 0
vt 0.83333331 1
vt 0.71428573 1
vt 1 0
vt 1 1
vt 0.85714287 1
vt 0 1
vt 0 0.16666667
vt 0 0
vt 0.20000000 0
vt 0.20000000 0.16666667
vt 0.40000001 0
vt 0.40000001 0.16666667
vt 0.60000002 0
vt 0.60000002 0.16666667
vt 0.80000001 0
vt 0.80000001 0.16666667
vt 1 0
vt 0 0.33333334
vt 0.20000000 0.33333334
vt 0.40000001 0.33333334
vt 0.60000002 0.33333334
vt 0.80000001 0.33333334
vt 1 0.16666667
vt 0 0.50000000
vt 0.20000000 0.50000000
vt 0.40000001 0.50000000
vt 0.60000002 0.50000000
vt 0.80000001 0.50000000
vt 1 0.33333334
vt 0 0.66666669
vt 0.20000000 0.66666669
vt 0.40000001 0.66666669
vt 0.60000002 0.66666669
vt 0.80000001 0.66666669
vt 1 0.50000000
vt 0 0.83333331
vt 0.20000000 0.83333331
vt 0.40000001 0.83333331
vt 0.60000002 0.83333331
vt 0.80000001 0.83333331
vt 1 0.66666669
vt 0.89999998 1
vt 1 0.83333331
vt 0.00000000 0
vt 1 0
vt 1 1
vt 0 1
vt 0 0.16666667
vt 0.20000000 0
vt 0.20000000 0.16666667
vt 0.40000001 0
vt 0.40000001 0.16666667
vt 0.60000002 0
vt 0.60000002 0.16666667
vt 0.80000001 0
vt 0.80000001 0.16666667
vt 1 0
vt 0 0.33333334
vt 0.20000000 0.33333334
vt 0.40000001 0.33333334
vt 0.60000002 0.33333334
vt 0.80000001 0.33333334
vt 1 0.16666667
vt 0 0.50000000
vt 0.20000000 0.50000000
vt 0.40000001 0.50000000
vt 0.60000002 0.50000000
vt 0.80000001 0.50000000
vt 1 0.33333334
vt 0 0.66666669
vt 0.20000000 0.66666669
vt 0.40000001 0.66666669
vt 0.60000002 0.66666669
vt 0.80000001 0.66666669
vt 1 0.50000000
vt 0 0.83333331
vt 0.20000000 0.83333331
vt 0.40000001 0.83333331
vt 0.60000002 0.83333331
vt 0.80000001 0.83333331
vt 1 0.66666669
vt 0 1
vt 0.20000000 1
vt 0.40000001 1
vt 0.60000002 1
vt 0.80000001 1
vt 1 0.83333331
vt 1 1
vt 0 1
vt 0 0
vt 0.16666667 0
vt 0.16666667 1
vt 0.33333334 0
vt 0.33333334 1
vt 0.50000000 0
vt 0.50000000 1
vt 0.66666669 0
vt 0.66666669 1
vt 0.83333331 0
vt 0.83333331 1
vt 1 0
vt 1 1
vt 0.80000001 1
vt 1 1
vt 1 0
vt 0.60000002 1
vt 0.80000001 0
vt 0.40000001 1
vt 0.60000002 0
vt 0.20000000 1
vt 0.40000001 0
vt 0 1
vt 0.20000000 0
vt 0 0
vt 0 1
vt 0 0
vt 0.16666667 0
vt 0.16666667 1
vt 0.33333334 0
vt 0.33333334 1
vt 0.50000000 0
vt 0.50000000 1
vt 0.66666669 0
vt 0.66666669 1
vt 0.83333331 0
vt 0.83333331 1
vt 1 0
vt 1 1
vt 0 0.16666667
vt 0 0
vt 0.20000000 0
vt 0.20000000 0.16666667
vt 0.40000001 0
vt 0.40000001 0.16666667
vt 0.60000002 0
vt 0.60000002 0.16666667
vt 0.80000001 0
vt 0.80000001 0.16666667
vt 1 0
vt 0 0.33333334
vt 0.20000000 0.33333334
vt 0.40000001 0.33333334
vt 0.60000002 0.33333334
vt 0.80000001 0.33333334
vt 1 0.16666667
vt 0 0.50000000
vt 0.20000000 0.50000000
vt 0.40000001 0.50000000
vt 0.60000002 0.50000000
vt 0.80000001 0.50000000
vt 1 0.33333334
vt 0 0.66666669
vt 0.20000000 0.66666669
vt 0.40000001 0.66666669
vt 0.60000002 0.66666669
vt 0.80000001 0.66666669
vt 1 0.50000000
vt 0 0.83333331
vt 0.20000000 0.83333331
vt 0.40000001 0.83333331
vt 0.60000002 0.83333331
vt 0.80000001 0.83333331
vt 1 0.66666669
vt 0 1
vt 0.20000000 1
vt 0.40000001 1
vt 0.60000002 1
vt 0.80000001 1
vt 1 0.83333331
vt 1 1
vt 0 0
vt 1 0
vt 1 1
vt 0 0.16666667
vt 0.20000000 0
vt 0.20000000 0.16666667
vt 0.40000001 0
vt 0.40000001 0.16666667
vt 0.60000002 0
vt 0.60000002 0.16666667
vt 0.80000001 0
vt 0.80000001 0.16666667
vt 1 0
vt 0 0.33333334
vt 0.20000000 0.33333334
vt 0.40000001 0.33333334
vt 0.60000002 0.33333334
vt 0.80000001 0.33333334
vt 1 0.16666667
vt 0 0.50000000
vt 0.20000000 0.50000000
vt 0.40000001 0.50000000
vt 0.60000002 0.50000000
vt 0.80000001 0.50000000
vt 1 0.33333334
vt 0 0.66666669
vt 0.20000000 0.66666669
vt 0.40000001 0.66666669
vt 0.60000002 0.66666669
vt 0.80000001 0.66666669
vt 1 0.50000000
vt 0 0.83333331
vt 0.20000000 0.83333331
vt 0.40000001 0.83333331
vt 0.60000002 0.83333331
vt 0.80000001 0.83333331
vt 1 0.66666669
vt 0 1
vt 0.20000000 1
vt 0.40000001 1
vt 0.60000002 1
vt 0.80000001 1
vt 1 0.83333331
vt 1 1
vt 0 1
vt 0 0
vt 0.16666667 0
vt 0.16666667 1
vt 0.33333334 0
vt 0.33333334 1
vt 0.50000000 0
vt 0.50000000 1
vt 0.66666669 0
vt 0.66666669 1
vt 0.83333331 0
vt 0.83333331 1
vt 1 0
vt 1 1
vt 0.80000001 1
vt 1 1
vt 1 0
vt 0.60000002 1
vt 0.80000001 0
vt 0.40000001 1
vt 0.60000002 0
vt 0.20000000 1
vt 0.40000001 0
vt 0 1
vt 0.20000000 0
vt 0 0
vt 0 1
vt 0 0.00000000
vt 0.16666667 0.00000000
vt 0.16666667 1
vt 0.33333334 0.00000000
vt 0.33333334 1
vt 0.50000000 0.00000000
vt 0.50000000 1
vt 0.66666669 0.00000000
vt 0.66666669 1
vt 0.83333331 0.00000000
vt 0.83333331 1
vt 1 0.00000000
vt 1 1
vt 0 0.16666667
vt 0 0
vt 0.20000000 0
vt 0.20000000 0.16666667
vt 0.40000001 0
vt 0.40000001 0.16666667
vt 0.60000002 0
vt 0.60000002 0.16666667
vt 0.80000001 0
vt 0.80000001 0.16666667
vt 1 0
vt 0 0.33333334
vt 0.20000000 0.33333334
vt 0.40000001 0.33333334
vt 0.60000002 0.33333334
vt 0.80000001 0.33333334
vt 1 0.16666667
vt 0 0.50000000
vt 0.20000000 0.50000000
vt 0.40000001 0.50000000
vt 0.60000002 0.50000000
vt 0.80000001 0.50000000
vt 1 0.33333334
vt 0 0.66666669
vt 0.20000000 0.66666669
vt 0.40000001 0.66666669
vt 0.60000002 0.66666669
vt 0.80000001 0.66666669
vt 1 0.50000000
vt 0 0.83333331
vt 0.20000000 0.83333331
vt 0.40000001 0.83333331
vt 0.60000002 0.83333331
vt 0.80000001 0.83333331
vt 1 0.66666669
vt 0 1
vt 0.20000000 1
vt 0.40000001 1
vt 0.60000002 1
vt 0.80000001 1
vt 1 0.83333331
vt 1 1
vt 0 1
vt 0.16666667 1
vt 0.33333334 0
vt 0.33333334 1
vt 0.50000000 0
vt 0.50000000 1
vt 0.66666669 0
vt 0.66666669 1
vt 0.83333331 0
vt 0.83333331 1
vt 1 0
vt 1 1
vt -0.00000000 0
vt 1 0
vt 1 1
vt -0.00000000 1
vt 0.20000000 0
vt 0.20000000 1
vt 0.40000001 0
vt 0.40000001 1
vt 0.60000002 0
vt 0.60000002 1
vt 0.80000001 0
vt 0.80000001 1
vt 1 0
vt 1 1
vt 0 0.16666667
vt 0.20000000 0
vt 0.20000000 0.16666667
vt 0.40000001 0
vt 0.40000001 0.16666667
vt 0.60000002 0
vt 0.60000002 0.16666667
vt 0.80000001 0
vt 0.80000001 0.16666667
vt 1 0
vt 0 0.33333334
vt 0.20000000 0.33333334
vt 0.40000001 0.33333334
vt 0.60000002 0.33333334
vt 0.80000001 0.33333334
vt 1 0.16666667
vt 0 0.50000000
vt 0.20000000 0.50000000
vt 0.40000001 0.50000000
vt 0.60000002 0.50000000
vt 0.80000001 0.50000000
vt 1 0.33333334
vt 0 0.66666669
vt 0.20000000 0.66666669
vt 0.40000001 0.66666669
vt 0.60000002 0.66666669
vt 0.80000001 0.66666669
vt 1 0.50000000
vt 0 0.83333331
vt 0.20000000 0.83333331
vt 0.40000001 0.83333331
vt 0.60000002 0.83333331
vt 0.80000001 0.83333331
vt 1 0.66666669
vt 0.89999998 1
vt 1 0.83333331
vt 0.00609661 0.00007207
vt 0.00119254 0.00187372
vt 0.00254580 0.00101745
vt 0.00422521 0.00040969
vt 0.00749954 0
vt 0 0.00408271
vt 0.00007838 0.00349400
vt 0.00068576 0.00237713
vt 0.00030999 0.00292103
vt 1 1
vt 0 1
vt 1 0
vt 0.16666667 0.00000000
vt 0.16666667 1
vt 0.33333334 0.00000000
vt 0.33333334 1
vt 0.50000000 0.00000000
vt 0.50000000 1
vt 0.66666669 0.00000000
vt 0.66666669 1
vt 0.83333331 0.00000000
vt 0.83333331 1
vt 1 0.00000000
vt 1 1
vt 0 0.16666667
vt 0 0
vt 0.14285715 0
vt 0.14285715 0.16666667
vt 0.28571430 0
vt 0.28571430 0.16666667
vt 0.42857143 0
vt 0.42857143 0.16666667
vt 0.57142860 0
vt 0.57142860 0.16666667
vt 0.71428573 0
vt 0.71428573 0.16666667
vt 0.85714287 0
vt 0.85714287 0.16666667
vt 1 0
vt 0 0.33333334
vt 0.14285715 0.33333334
vt 0.28571430 0.33333334
vt 0.42857143 0.33333334
vt 0.57142860 0.33333334
vt 0.71428573 0.33333334
vt 0.85714287 0.33333334
vt 1 0.16666667
vt 0 0.50000000
vt 0.14285715 0.50000000
vt 0.28571430 0.50000000
vt 0.42857143 0.50000000
vt 0.57142860 0.50000000
vt 0.71428573 0.50000000
vt 0.85714287 0.50000000
vt 1 0.33333334
vt 0 0.66666669
vt 0.14285715 0.66666669
vt 0.28571430 0.66666669
vt 0.42857143 0.66666669
vt 0.57142860 0.66666669
vt 0.71428573 0.66666669
vt 0.85714287 0.66666669
vt 1 0.50000000
vt 0 0.83333331
vt 0.14285715 0.83333331
vt 0.28571430 0.83333331
vt 0.42857143 0.83333331
vt 0.57142860 0.83333331
vt 0.71428573 0.83333331
vt 0.85714287 0.83333331
vt 1 0.66666669
vt 0.92857140 1
vt 1 0.83333331
vt 0 0.16666667
vt 0 0
vt 0.20000000 0
vt 0.20000000 0.16666667
vt 0.40000001 0
vt 0.40000001 0.16666667
vt 0.60000002 0
vt 0.60000002 0.16666667
vt 0.80000001 0
vt 0.80000001 0.16666667
vt 1 0
vt 0 0.33333334
vt 0.20000000 0.33333334
vt 0.40000001 0.33333334
vt 0.60000002 0.33333334
vt 0.80000001 0.33333334
vt 1 0.16666667
vt 0 0.50000000
vt 0.20000000 0.50000000
vt 0.40000001 0.50000000
vt 0.60000002 0.50000000
vt 0.80000001 0.50000000
vt 1 0.33333334
vt 0 0.66666669
vt 0.20000000 0.66666669
vt 0.40000001 0.66666669
vt 0.60000002 0.66666669
vt 0.80000001 0.66666669
vt 1 0.50000000
vt 0 0.83333331
vt 0.20000000 0.83333331
vt 0.40000001 0.83333331
vt 0.60000002 0.83333331
vt 0.80000001 0.83333331
vt 1 0.66666669
vt 0.89999998 1
vt 1 0.83333331
vt 0.34186453 1
vt 0.65813702 1
vt 0.49988046 0.75582677
vt 0.61848223 0.40076336
vt 0.50976497 0.74854052
vt 0.99407113 0
vt 0.61895072 0.39802614
vt 0.33002737 0.21214509
vt 0.39114103 0.38724869
vt 0.60859770 0.38724869
vt 0.50247705 0.75549477
vt 0.38840014 0.38761929
vt 0.49963227 0.75582677
vt 0.50867194 0.75092828
vt 0.66983867 0.21214509
vt 0.00592885 0
vt 0.32123327 0.20724241
vt 0.32014105 0.20485297
vt 0.38078779 0.39802083
vt 0.32288745 0.20928057
vt 0.50490785 0.75452006
vt 0.50701773 0.75296479
vt 0.38585457 0.38870469
vt 0.32742962 0.21181279
vt 0.38105875 0.39525771
vt 0.48974591 0.74853462
vt 0.38125467 0.40075749
vt 0.61388570 0.38870558
vt 0.67697591 0.20928311
vt 0.67486608 0.21083838
vt 0.67972314 0.20485885
vt 0.67863017 0.20724660
vt 0.38368574 0.39042753
vt 0.38204825 0.39266503
vt 0.32499784 0.21083719
vt 0.49083817 0.75092405
vt 0.49460274 0.75451887
vt 0.49249235 0.75296223
vt 0.49703452 0.75549448
vt 0.61605483 0.39042944
vt 0.67243522 0.21181311
vt 0.74376333 -0.00000000
vt 0.61769217 0.39266813
vt 0.61868101 0.39526200
vt 0.61133945 0.38761953
vt 0 1
vt 0 0
vt 0.16666667 0
vt 0.16666667 1
vt 0.33333334 0
vt 0.33333334 1
vt 0.50000000 0
vt 0.50000000 1
vt 0.66666669 0
vt 0.66666669 1
vt 0.83333331 0
vt 0.83333331 1
vt 1 0
vt 1 1
vt 0 0.16666667
vt 0 0
vt 0.14285715 0
vt 0.14285715 0.16666667
vt 0.28571430 0
vt 0.28571430 0.16666667
vt 0.42857143 0
vt 0.42857143 0.16666667
vt 0.57142860 0
vt 0.57142860 0.16666667
vt 0.71428573 0
vt 0.71428573 0.16666667
vt 0.85714287 0
vt 0.85714287 0.16666667
vt 1 0
vt 0 0.33333334
vt 0.14285715 0.33333334
vt 0.28571430 0.33333334
vt 0.42857143 0.33333334
vt 0.57142860 0.33333334
vt 0.71428573 0.33333334
vt 0.85714287 0.33333334
vt 1 0.16666667
vt 0 0.50000000
vt 0.14285715 0.50000000
vt 0.28571430 0.50000000
vt 0.42857143 0.50000000
vt 0.57142860 0.50000000
vt 0.71428573 0.50000000
vt 0.85714287 0.50000000
vt 1 0.33333334
vt 0 0.66666669
vt 0.14285715 0.66666669
vt 0.28571430 0.66666669
vt 0.42857143 0.66666669
vt 0.57142860 0.66666669
vt 0.71428573 0.66666669
vt 0.85714287 0.66666669
vt 1 0.50000000
vt 0 0.83333331
vt 0.14285715 0.83333331
vt 0.28571430 0.83333331
vt 0.42857143 0.83333331
vt 0.57142860 0.83333331
vt 0.71428573 0.83333331
vt 0.85714287 0.83333331
vt 1 0.66666669
vt 0 1
vt 0.14285715 1
vt 0.28571430 1
vt 0.42857143 1
vt 0.57142860 1
vt 0.71428573 1
vt 0.85714287 1
vt 1 0.83333331
vt 1 1
vt 0 0.16666667
vt 0 0
vt 0.14285715 0
vt 0.14285715 0.16666667
vt 0.28571430 0
vt 0.28571430 0.16666667
vt 0.42857143 0
vt 0.42857143 0.16666667
vt 0.57142860 0
vt 0.57142860 0.16666667
vt 0.71428573 0
vt 0.71428573 0.16666667
vt 0.85714287 0
vt 0.85714287 0.16666667
vt 1 0
vt 0 0.33333334
vt 0.14285715 0.33333334
vt 0.28571430 0.33333334
vt 0.42857143 0.33333334
vt 0.57142860 0.33333334
vt 0.71428573 0.33333334
vt 0.85714287 0.33333334
vt 1 0.16666667
vt 0 0.50000000
vt 0.14285715 0.50000000
vt 0.28571430 0.50000000
vt 0.42857143 0.50000000
vt 0.57142860 0.50000000
vt 0.71428573 0.50000000
vt 0.85714287 0.50000000
vt 1 0.33333334
vt 0 0.66666669
vt 0.14285715 0.66666669
vt 0.28571430 0.66666669
vt 0.42857143 0.66666669
vt 0.57142860 0.66666669
vt 0.71428573 0.66666669
vt 0.85714287 0.66666669
vt 1 0.50000000
vt 0 0.83333331
vt 0.14285715 0.83333331
vt 0.28571430 0.83333331
vt 0.42857143 0.83333331
vt 0.57142860 0.83333331
vt 0.71428573 0.83333331
vt 0.85714287 0.83333331
vt 1 0.66666669
vt 0 1
vt 0.14285715 1
vt 0.28571430 1
vt 0.42857143 1
vt 0.57142860 1
vt 0.71428573 1
vt 0.85714287 1
vt 1 0.83333331
vt 1 1
vt 0 1
vt 0 0
vt 1 0
vt 1 1
vt 0 1
vt 0 0
vt 0.16666667 0
vt 0.16666667 1
vt 0.33333334 0
vt 0.33333334 1
vt 0.50000000 0
vt 0.50000000 1
vt 0.66666669 0
vt 0.66666669 1
vt 0.83333331 0
vt 0.83333331 1
vt 1 0
vt 1 1
vt 0.85714287 1
vt 1 1
vt 1 0
vt 0.71428573 1
vt 0.85714287 0
vt 0.57142860 1
vt 0.71428573 0
vt 0.42857143 1
vt 0.57142860 0
vt 0.28571430 1
vt 0.42857143 0
vt 0.14285715 1
vt 0.28571430 0
vt 0 1
vt 0.14285715 0
vt 0 0
vt 0 1
vt 0 0
vt 0.16666667 0
vt 0.16666667 1
vt 0.33333334 0
vt 0.33333334 1
vt 0.50000000 0
vt 0.50000000 1
vt 0.66666669 0
vt 0.66666669 1
vt 0.83333331 0
vt 0.83333331 1
vt 1 0
vt 1 1
vt 0 1
vt 0 0.00000000
vt 0.16666667 0.00000000
vt 0.16666667 1
vt 0.33333334 0.00000000
vt 0.33333334 1
vt 0.50000000 0.00000000
vt 0.50000000 1
vt 0.66666669 0.00000000
vt 0.66666669 1
vt 0.83333331 0.00000000
vt 0.83333331 1
vt 1 0.00000000
vt 1 1
vt 0.85714287 1
vt 1 1
vt 1 0
vt 0.71428573 1
vt 0.85714287 0
vt 0.57142860 1
vt 0.71428573 0
vt 0.42857143 1
vt 0.57142860 0
vt 0.28571430 1
vt 0.42857143 0
vt 0.14285715 1
vt 0.28571430 0
vt 0 1
vt 0.14285715 0
vt 0 0
vt 0 1
vt 0 0
vt 0.16666667 0
vt 0.16666667 1
vt 0.33333334 0
vt 0.33333334 1
vt 0.50000000 0
vt 0.50000000 1
vt 0.66666669 0
vt 0.66666669 1
vt 0.83333331 0
vt 0.83333331 1
vt 1 0
vt 1 1
vt 0.14285715 0
vt 0.14285715 0.16666667
vt 0.28571430 0
vt 0.28571430 0.16666667
vt 0.42857143 0
vt 0.42857143 0.16666667
vt 0.57142860 0
vt 0.57142860 0.16666667
vt 0.71428573 0
vt 0.71428573 0.16666667
vt 0.85714287 0
vt 0.85714287 0.16666667
vt 1 0
vt 0 0.33333334
vt 0.14285715 0.33333334
vt 0.28571430 0.33333334
vt 0.42857143 0.33333334
vt 0.57142860 0.33333334
vt 0.71428573 0.33333334
vt 0.85714287 0.33333334
vt 1 0.16666667
vt 0 0.50000000
vt 0.14285715 0.50000000
vt 0.28571430 0.50000000
vt 0.42857143 0.50000000
vt 0.57142860 0.50000000
vt 0.71428573 0.50000000
vt 0.85714287 0.50000000
vt 1 0.33333334
vt 0 0.66666669
vt 0.14285715 0.66666669
vt 0.28571430 0.66666669
vt 0.42857143 0.66666669
vt 0.57142860 0.66666669
vt 0.71428573 0.66666669
vt 0.85714287 0.66666669
vt 1 0.50000000
vt 0 0.83333331
vt 0.14285715 0.83333331
vt 0.28571430 0.83333331
vt 0.42857143 0.83333331
vt 0.57142860 0.83333331
vt 0.71428573 0.83333331
vt 0.85714287 0.83333331
vt 1 0.66666669
vt 0 1
vt 0.14285715 1
vt 0.28571430 1
vt 0.42857143 1
vt 0.57142860 1
vt 0.71428573 1
vt 0.85714287 1
vt 1 0.83333331
vt 1 1
vt 0 0
vt 1 0
vt 0 1
vt 0 0.16666667
vt 0.20000000 0
vt 0.20000000 0.16666667
vt 0.40000001 0
vt 0.40000001 0.16666667
vt 0.60000002 0
vt 0.60000002 0.16666667
vt 0.80000001 0
vt 0.80000001 0.16666667
vt 1 0
vt 0 0.33333334
vt 0.20000000 0.33333334
vt 0.40000001 0.33333334
vt 0.60000002 0.33333334
vt 0.80000001 0.33333334
vt 1 0.16666667
vt 0 0.50000000
vt 0.20000000 0.50000000
vt 0.40000001 0.50000000
vt 0.60000002 0.50000000
vt 0.80000001 0.50000000
vt 1 0.33333334
vt 0 0.66666669
vt 0.20000000 0.66666669
vt 0.40000001 0.66666669
vt 0.60000002 0.66666669
vt 0.80000001 0.66666669
vt 1 0.50000000
vt 0 0.83333331
vt 0.20000000 0.83333331
vt 0.40000001 0.83333331
vt 0.60000002 0.83333331
vt 0.80000001 0.83333331
vt 1 0.66666669
vt 0 1
vt 0.20000000 1
vt 0.40000001 1
vt 0.60000002 1
vt 0.80000001 1
vt 1 0.83333331
vt 1 1
vt 0 0.16666667
vt 0 0
vt 0.20000000 0
vt 0.20000000 0.16666667
vt 0.40000001 0
vt 0.40000001 0.16666667
vt 0.60000002 0
vt 0.60000002 0.16666667
vt 0.80000001 0
vt 0.80000001 0.16666667
vt 1 0
vt 0 0.33333334
vt 0.20000000 0.33333334
vt 0.40000001 0.33333334
vt 0.60000002 0.33333334
vt 0.80000001 0.33333334
vt 1 0.16666667
vt 0 0.50000000
vt 0.20000000 0.50000000
vt 0.40000001 0.50000000
vt 0.60000002 0.50000000
vt 0.80000001 0.50000000
vt 1 0.33333334
vt 0 0.66666669
vt 0.20000000 0.66666669
vt 0.40000001 0.66666669
vt 0.60000002 0.66666669
vt 0.80000001 0.66666669
vt 1 0.50000000
vt 0 0.83333331
vt 0.20000000 0.83333331
vt 0.40000001 0.83333331
vt 0.60000002 0.83333331
vt 0.80000001 0.83333331
vt 1 0.66666669
vt 0 1
vt 0.20000000 1
vt 0.40000001 1
vt 0.60000002 1
vt 0.80000001 1
vt 1 0.83333331
vt 1 1
vt 0.00000000 0
vt 1 0
vt 1 1
vt 0.00000000 1
vt 0 0.16666667
vt 0 0
vt 0.14285715 0
vt 0.14285715 0.16666667
vt 0.28571430 0
vt 0.28571430 0.16666667
vt 0.42857143 0
vt 0.42857143 0.16666667
vt 0.57142860 0
vt 0.57142860 0.16666667
vt 0.71428573 0
vt 0.71428573 0.16666667
vt 0.85714287 0
vt 0.85714287 0.16666667
vt 1 0
vt 0 0.33333334
vt 0.14285715 0.33333334
vt 0.28571430 0.33333334
vt 0.42857143 0.33333334
vt 0.57142860 0.33333334
vt 0.71428573 0.33333334
vt 0.85714287 0.33333334
vt 1 0.16666667
vt 0 0.50000000
vt 0.14285715 0.50000000
vt 0.28571430 0.50000000
vt 0.42857143 0.50000000
vt 0.57142860 0.50000000
vt 0.71428573 0.50000000
vt 0.85714287 0.50000000
vt 1 0.33333334
vt 0 0.66666669
vt 0.14285715 0.66666669
vt 0.28571430 0.66666669
vt 0.42857143 0.66666669
vt 0.57142860 0.66666669
vt 0.71428573 0.66666669
vt 0.85714287 0.66666669
vt 1 0.50000000
vt 0 0.83333331
vt 0.14285715 0.83333331
vt 0.28571430 0.83333331
vt 0.42857143 0.83333331
vt 0.57142860 0.83333331
vt 0.71428573 0.83333331
vt 0.85714287 0.83333331
vt 1 0.66666669
vt 0 1
vt 0.14285715 1
vt 0.28571430 1
vt 0.42857143 1
vt 0.57142860 1
vt 0.71428573 1
vt 0.85714287 1
vt 1 0.83333331
vt 1 1
vt 1 0
vt 1 1
vt 0 1
vt 0 0
vt 0 1
vt 0 0
vt 0.16666667 0
vt 0.16666667 1
vt 0.33333334 0
vt 0.33333334 1
vt 0.50000000 0
vt 0.50000000 1
vt 0.66666669 0
vt 0.66666669 1
vt 0.83333331 0
vt 0.83333331 1
vt 1 0
vt 1 1
vt 0.80000001 1
vt 1 1
vt 1 0
vt 0.60000002 1
vt 0.80000001 0
vt 0.40000001 1
vt 0.60000002 0
vt 0.20000000 1
vt 0.40000001 0
vt 0 1
vt 0.20000000 0
vt 0 0
vt 0 0.16666667
vt 0 0
vt 0.20000000 0
vt 0.20000000 0.16666667
vt 0.40000001 0
vt 0.40000001 0.16666667
vt 0.60000002 0
vt 0.60000002 0.16666667
vt 0.80000001 0
vt 0.80000001 0.16666667
vt 1 0
vt 0 0.33333334
vt 0.20000000 0.33333334
vt 0.40000001 0.33333334
vt 0.60000002 0.33333334
vt 0.80000001 0.33333334
vt 1 0.16666667
vt 0 0.50000000
vt 0.20000000 0.50000000
vt 0.40000001 0.50000000
vt 0.60000002 0.50000000
vt 0.80000001 0.50000000
vt 1 0.33333334
vt 0 0.66666669
vt 0.20000000 0.66666669
vt 0.40000001 0.66666669
vt 0.60000002 0.66666669
vt 0.80000001 0.66666669
vt 1 0.50000000
vt 0 0.83333331
vt 0.20000000 0.83333331
vt 0.40000001 0.83333331
vt 0.60000002 0.83333331
vt 0.80000001 0.83333331
vt 1 0.66666669
vt 0 1
vt 0.20000000 1
vt 0.40000001 1
vt 0.60000002 1
vt 0.80000001 1
vt 1 0.83333331
vt 1 1
vt 0.34221232 1
vt 0.49912038 0.75582677
vt 0.49936885 0.75582677
vt 0.65778923 1
vt 0.50926358 0.74854052
vt 0.61809337 0.40076336
vt 0.50816947 0.75092828
vt 0.49651995 0.75549448
vt 0.99407113 0
vt 0.50196809 0.75549477
vt 0.50651348 0.75296479
vt 0.50440145 0.75452006
vt 0.49408564 0.75451887
vt 0.49031720 0.75092405
vt 0.49197307 0.75296223
vt 0.38015288 0.39802083
vt 0.38062024 0.40075749
vt 0.38305384 0.39042753
vt 0.00592885 0
vt 0.31944335 0.20485297
vt 0.48922381 0.74853462
vt 0.25547200 -0.00000000
vt 0.38522491 0.38870469
vt 0.32673946 0.21181279
vt 0.32933992 0.21214509
vt 0.32053670 0.20724241
vt 0.66950297 0.21214509
vt 0.60819864 0.38724869
vt 0.61349207 0.38870558
vt 0.67210227 0.21181311
vt 0.67453557 0.21083838
vt 0.38042414 0.39525771
vt 0.32430518 0.21083719
vt 0.32219258 0.20928057
vt 0.39051682 0.38724869
vt 0.67664766 0.20928311
vt 0.61566347 0.39042944
vt 0.67939776 0.20485885
vt 0.38141465 0.39266503
vt 0.61094326 0.38761953
vt 0.67830360 0.20724660
vt 0.38777310 0.38761929
vt 0.61730254 0.39266813
vt 0.74350417 0
vt 0.61856240 0.39802614
vt 0.61829233 0.39526200
vt 0.80000001 1
vt 1 1
vt 1 0
vt 0.60000002 1
vt 0.80000001 0
vt 0.40000001 1
vt 0.60000002 0
vt 0.20000000 1
vt 0.40000001 0
vt 0 1
vt 0.20000000 0
vt 0 0
vt 0 1
vt 0 0.00000000
vt 0.16666667 0.00000000
vt 0.16666667 1
vt 0.33333334 0.00000000
vt 0.33333334 1
vt 0.50000000 0.00000000
vt 0.50000000 1
vt 0.66666669 0.00000000
vt 0.66666669 1
vt 0.83333331 0.00000000
vt 0.83333331 1
vt 1 0.00000000
vt 1 1
vt 0 0.16666667
vt 0 0
vt 0.20000000 0
vt 0.20000000 0.16666667
vt 0.40000001 0
vt 0.40000001 0.16666667
vt 0.60000002 0
vt 0.60000002 0.16666667
vt 0.80000001 0
vt 0.80000001 0.16666667
vt 1 0
vt 0 0.33333334
vt 0.20000000 0.33333334
vt 0.40000001 0.33333334
vt 0.60000002 0.33333334
vt 0.80000001 0.33333334
vt 1 0.16666667
vt 0 0.50000000
vt 0.20000000 0.50000000
vt 0.40000001 0.50000000
vt 0.60000002 0.50000000
vt 0.80000001 0.50000000
vt 1 0.33333334
vt 0 0.66666669
vt 0.20000000 0.66666669
vt 0.40000001 0.66666669
vt 0.60000002 0.66666669
vt 0.80000001 0.66666669
vt 1 0.50000000
vt 0 0.83333331
vt 0.20000000 0.83333331
vt 0.40000001 0.83333331
vt 0.60000002 0.83333331
vt 0.80000001 0.83333331
vt 1 0.66666669
vt 0 1
vt 0.20000000 1
vt 0.40000001 1
vt 0.60000002 1
vt 0.80000001 1
vt 1 0.83333331
vt 1 1
vt 0 1
vt 0 0
vt 0.16666667 0
vt 0.16666667 1
vt 0.33333334 0
vt 0.33333334 1
vt 0.50000000 0
vt 0.50000000 1
vt 0.66666669 0
vt 0.66666669 1
vt 0.83333331 0
vt 0.83333331 1
vt 1 0
vt 1 1
vn 0.91527629 0.30867782 -0.25881904
vn 0.94756377 0.31956679 0
vn 0.99852037 0.05437849 0
vn 0.96449661 0.05252559 -0.25881904
vn 0.97666353 -0.21477516 0
vn 0.94338453 -0.20745687 -0.25881904
vn 0.88358694 -0.46826711 0
vn 0.85347944 -0.45231131 -0.25881904
vn 0.72607797 -0.68761235 0
vn 0.70133746 -0.66418254 -0.25881904
vn 0.51562238 -0.85681593 0
vn 0.49805298 -0.82762063 -0.25881904
vn 0.26756686 -0.96353930 0
vn 0.25844976 -0.93070751 -0.25881904
vn 0.00000000 -1 0
vn 0.82061428 0.27675295 -0.50000000
vn 0.86474401 0.04709316 -0.50000000
vn 0.84581542 -0.18600075 -0.50000000
vn 0.76520878 -0.40553123 -0.50000000
vn 0.62880200 -0.59548974 -0.50000000
vn 0.44654208 -0.74202436 -0.50000000
vn 0.23171970 -0.83444953 -0.50000000
vn -0.00000000 -0.96592581 -0.25881904
vn 0.67002875 0.22596784 -0.70710677
vn 0.70606053 0.03845140 -0.70710677
vn 0.69060540 -0.15186897 -0.70710677
vn 0.62479031 -0.33111486 -0.70710677
vn 0.51341468 -0.48621535 -0.70710677
vn 0.36460009 -0.60586035 -0.70710677
vn 0.18919834 -0.68132520 -0.70710677
vn 0.00000000 -0.86602539 -0.50000000
vn 0.47378188 0.15978339 -0.86602539
vn 0.49926019 0.02718925 -0.86602539
vn 0.48833176 -0.10738758 -0.86602539
vn 0.44179347 -0.23413356 -0.86602539
vn 0.36303899 -0.34380618 -0.86602539
vn 0.25781119 -0.42840797 -0.86602539
vn 0.13378343 -0.48176965 -0.86602539
vn 0.00000000 -0.70710677 -0.70710677
vn 0.24524754 0.08270997 -0.96592581
vn 0.25843608 0.01407419 -0.96592581
vn 0.25277913 -0.05558790 -0.96592581
vn 0.22868913 -0.12119645 -0.96592581
vn 0.18792281 -0.17796718 -0.96592581
vn 0.13345289 -0.22176029 -0.96592581
vn 0.06925140 -0.24938232 -0.96592581
vn -0.00000000 -0.50000000 -0.86602539
vn 0 0 -1
vn -0.00000000 -0.25881904 -0.96592581
vn 0.94756377 0.31956679 0.00000000
vn 0.94756377 0.31956679 0.00000000
vn 0.91527629 0.30867782 -0.25881904
vn 0.91527629 0.30867782 -0.25881904
vn 0.82061428 0.27675295 -0.50000000
vn 0.82061428 0.27675295 -0.50000000
vn 0.67002875 0.22596784 -0.70710677
vn 0.67002875 0.22596784 -0.70710677
vn 0.47378188 0.15978339 -0.86602539
vn 0.47378188 0.15978339 -0.86602539
vn 0.24524754 0.08270997 -0.96592581
vn 0.24524754 0.08270997 -0.96592581
vn 0.00000000 0.00000000 -1
vn 0.00000000 0.00000000 -1
vn 0.94756377 0.31956679 0
vn 0.94756377 0.31956679 0
vn 0.94756377 0.31956679 0
vn 0.94756377 0.31956679 0
vn 0.00000000 0.96592581 -0.25881904
vn 0.00000000 1 -0.00000000
vn 0.24653651 0.96913350 -0.00000000
vn 0.23813598 0.93611109 -0.25881904
vn 0.47785357 0.87843949 -0.00000000
vn 0.46157110 0.84850740 -0.25881904
vn 0.67967129 0.73351681 -0.00000000
vn 0.65651208 0.70852286 -0.25881904
vn 0.83953089 0.54331195 -0.00000000
vn 0.81092459 0.52479905 -0.25881904
vn 0.94756377 0.31956679 -0.00000000
vn 0.00000000 0.86602539 -0.50000000
vn 0.21350688 0.83929425 -0.50000000
vn 0.41383332 0.76075095 -0.50000000
vn 0.58861262 0.63524419 -0.50000000
vn 0.72705507 0.47052193 -0.50000000
vn 0.91527629 0.30867782 -0.25881904
vn -0.00000000 0.70710677 -0.70710677
vn 0.17432763 0.68528086 -0.70710677
vn 0.33789349 0.62115055 -0.70710677
vn 0.48060018 0.51867473 -0.70710677
vn 0.59363800 0.38417956 -0.70710677
vn 0.82061428 0.27675295 -0.50000000
vn -0.00000000 0.50000000 -0.86602539
vn 0.12326825 0.48456675 -0.86602539
vn 0.23892678 0.43921974 -0.86602539
vn 0.33983564 0.36675841 -0.86602539
vn 0.41976544 0.27165598 -0.86602539
vn 0.67002875 0.22596784 -0.70710677
vn -0.00000000 0.25881904 -0.96592581
vn 0.06380834 0.25083020 -0.96592581
vn 0.12367760 0.22735688 -0.96592581
vn 0.17591187 0.18984812 -0.96592581
vn 0.21728659 0.14061947 -0.96592581
vn 0.47378188 0.15978339 -0.86602539
vn -0.00000000 0 -1
vn 0.24524754 0.08270997 -0.96592581
vn -0.00000000 1 0
vn -0.00000000 1 0
vn 0.24653651 0.96913350 0
vn 0.24653651 0.96913350 0
vn 0.47785357 0.87843949 0
vn 0.47785357 0.87843949 0
vn 0.67967129 0.73351681 0
vn 0.67967129 0.73351681 0
vn 0.83953089 0.54331195 0
vn 0.83953089 0.54331195 0
vn 0.94756377 0.31956679 0
vn 0.94756377 0.31956679 0
vn 0 1 0.00000000
vn 0 1 0.00000000
vn 0 0.96592581 -0.25881904
vn 0 0.96592581 -0.25881904
vn 0 0.86602539 -0.50000000
vn 0 0.86602539 -0.50000000
vn 0 0.70710677 -0.70710677
vn 0 0.70710677 -0.70710677
vn 0 0.50000000 -0.86602539
vn 0 0.50000000 -0.86602539
vn 0 0.25881904 -0.96592581
vn 0 0.25881904 -0.96592581
vn 0 0.00000000 -1
vn 0 0.00000000 -1
vn 0.91527629 0.30867782 0.25881904
vn 0.94756377 0.31956679 0
vn 0.83953089 0.54331195 0
vn 0.81092459 0.52479905 0.25881904
vn 0.67967129 0.73351681 0
vn 0.65651208 0.70852286 0.25881904
vn 0.47785357 0.87843949 0
vn 0.46157110 0.84850740 0.25881904
vn 0.24653651 0.96913350 0
vn 0.23813598 0.93611109 0.25881904
vn 0.00000000 1 0
vn 0.82061428 0.27675295 0.50000000
vn 0.72705507 0.47052193 0.50000000
vn 0.58861262 0.63524419 0.50000000
vn 0.41383332 0.76075095 0.50000000
vn 0.21350688 0.83929425 0.50000000
vn -0.00000000 0.96592581 0.25881904
vn 0.67002875 0.22596784 0.70710677
vn 0.59363800 0.38417956 0.70710677
vn 0.48060018 0.51867473 0.70710677
vn 0.33789349 0.62115055 0.70710677
vn 0.17432763 0.68528086 0.70710677
vn -0.00000000 0.86602539 0.50000000
vn 0.47378188 0.15978339 0.86602539
vn 0.41976544 0.27165598 0.86602539
vn 0.33983564 0.36675841 0.86602539
vn 0.23892678 0.43921974 0.86602539
vn 0.12326825 0.48456675 0.86602539
vn -0.00000000 0.70710677 0.70710677
vn 0.24524754 0.08270997 0.96592581
vn 0.21728659 0.14061947 0.96592581
vn 0.17591187 0.18984812 0.96592581
vn 0.12367760 0.22735688 0.96592581
vn 0.06380834 0.25083020 0.96592581
vn 0.00000000 0.50000000 0.86602539
vn 0 0 1
vn -0.00000000 0.25881904 0.96592581
vn 0 1 0
vn 0 1 0
vn 0 1 0
vn 0 1 0
vn 0 1 0
vn 0 1 0
vn 0 1 0
vn 0 1 0
vn 0 1 0
vn 0 1 0
vn 0 1 0
vn 0 0.96592581 0.25881904
vn 0 0.96592581 0.25881904
vn 0 0.86602539 0.50000000
vn 0 0.86602539 0.50000000
vn 0 0.70710677 0.70710677
vn 0 0.70710677 0.70710677
vn 0 0.50000000 0.86602539
vn 0 0.50000000 0.86602539
vn 0 0.25881904 0.96592581
vn 0 0.25881904 0.96592581
vn 0 0.00000000 1
vn 0 0.00000000 1
vn 0.94756377 0.31956679 0
vn 0.94756377 0.31956679 0
vn 0.91527629 0.30867782 0.25881904
vn 0.91527629 0.30867782 0.25881904
vn 0.82061428 0.27675295 0.50000000
vn 0.82061428 0.27675295 0.50000000
vn 0.67002875 0.22596784 0.70710677
vn 0.67002875 0.22596784 0.70710677
vn 0.47378188 0.15978339 0.86602539
vn 0.47378188 0.15978339 0.86602539
vn 0.24524754 0.08270997 0.96592581
vn 0.24524754 0.08270997 0.96592581
vn 0.00000000 0.00000000 1
vn 0.00000000 0.00000000 1
vn 0.94756377 0.31956679 0
vn 0.94756377 0.31956679 0
vn 0.99852037 0.05437849 0
vn 0.99852037 0.05437849 0
vn 0.97666353 -0.21477516 0
vn 0.97666353 -0.21477516 0
vn 0.88358694 -0.46826711 0
vn 0.88358694 -0.46826711 0
vn 0.72607797 -0.68761235 0
vn 0.72607797 -0.68761235 0
vn 0.51562238 -0.85681593 0
vn 0.51562238 -0.85681593 0
vn 0.26756686 -0.96353930 0
vn 0.26756686 -0.96353930 0
vn 0.00000000 -1 0
vn 0.00000000 -1 0
vn 0.00000000 -1 0
vn 0 -0.96592581 -0.25881904
vn 0 -0.96592581 -0.25881904
vn 0 -0.86602539 -0.50000000
vn 0 -0.86602539 -0.50000000
vn 0 -0.70710677 -0.70710677
vn 0 -0.70710677 -0.70710677
vn 0 -0.50000000 -0.86602539
vn 0 -0.50000000 -0.86602539
vn 0 -0.25881904 -0.96592581
vn 0 -0.25881904 -0.96592581
vn 0 -0.00000000 -1
vn 0 -0.00000000 -1
vn -0.94756329 0.31956810 0
vn -0.94756329 0.31956810 0
vn -0.86135733 0.50799954 0
vn -0.83953029 0.54331285 0
vn -0.83953029 0.54331285 0
vn -0.73816651 0.67461860 0
vn -0.67967069 0.73351741 0
vn -0.47785309 0.87843978 0
vn -0.58328032 0.81227094 0
vn -0.67967069 0.73351741 0
vn -0.47785309 0.87843978 0
vn -0.40334937 0.91504604 0
vn -0.24653623 0.96913356 0
vn -0.24653623 0.96913356 0
vn -0.20609942 0.97853106 0
vn -0.00000000 1 0
vn -0.00000000 1 0
vn -0.94756329 0.31956810 0
vn -0.91541201 0.30872500 0.25828224
vn -0.83360773 0.49977842 0.23520127
vn -0.83953029 0.54331285 0
vn -0.71535307 0.66897851 0.20183589
vn -0.73816651 0.67461860 0
vn -0.56581885 0.80892676 0.15964501
vn -0.58328032 0.81227094 0
vn -0.67967069 0.73351741 0
vn -0.39154357 0.91350383 0.11047348
vn -0.40334937 0.91504604 0
vn -0.47785309 0.87843978 0
vn -0.20014761 0.97813696 0.05647137
vn -0.24653623 0.96913356 0
vn -0.20609942 0.97853106 0
vn 0 1 0
vn 0 1 0
vn -0.81933165 0.27632165 0.50233650
vn -0.75015306 0.47512251 0.45992276
vn -0.64638770 0.65201718 0.39630365
vn -0.51281965 0.79884970 0.31441242
vn -0.35560739 0.90885013 0.21802475
vn -0.18199937 0.97694683 0.11158476
vn 0 1 0
vn -0.66145772 0.22307827 0.71603757
vn -0.61121839 0.43431294 0.66165274
vn -0.53035593 0.62378776 0.57411796
vn -0.42292169 0.78200966 0.45781887
vn -0.29429832 0.90105152 0.31858221
vn -0.15093009 0.97494912 0.16338402
vn 0 1 0
vn -0.41982788 0.37861463 0.82486087
vn -0.47377765 0.15978269 0.86602783
vn -0.36790320 0.58493388 0.72284132
vn -0.29549667 0.75868875 0.58057994
vn -0.20663933 0.89020610 0.40599662
vn -0.10627801 0.97216409 0.20881075
vn 0 1 0
vn -0.44838002 0.15121728 0.88095897
vn -0.32458156 0.10946594 0.93950200
vn -0.30638608 0.34590596 0.88683516
vn -0.27011114 0.56193447 0.78183728
vn -0.21789730 0.74480397 0.63070422
vn -0.15282559 0.88372350 0.44235402
vn -0.07873585 0.97049564 0.22790110
vn 0 1 0
vn -0.18392415 0.31086954 0.93248701
vn -0.24524577 0.08270975 0.96592629
vn -0.16322592 0.53714228 0.82754785
vn -0.13230319 0.72976846 0.67077112
vn -0.09309302 0.87668186 0.47197726
vn -0.04805148 0.96868002 0.24361877
vn 0 1 0
vn -0.00000000 0.25881904 0.96592581
vn -0.19310139 0.06512393 0.97901517
vn -0.00000000 0.50000000 0.86602539
vn -0.00000000 0.70710677 0.70710677
vn -0.00000000 0.86602539 0.50000000
vn -0.00000000 0.96592581 0.25881904
vn 0 1 0
vn -0.00000000 0.00000000 1
vn -0.86135733 0.50799954 0
vn -0.19310139 0.06512393 0.97901517
vn -0.13663565 0.04608071 0.98954904
vn 0.00000000 -0.00000000 1
vn -0.24524653 0.08271001 0.96592611
vn 0.00000000 -0.00000000 1
vn -0.47377947 0.15978330 0.86602676
vn -0.32458156 0.10946594 0.93950200
vn -0.44838002 0.15121728 0.88095897
vn -0.26961568 0.09092856 0.95866543
vn -0.39585024 0.13350148 0.90855926
vn -0.24524577 0.08270975 0.96592629
vn -0.66145772 0.22307827 0.71603757
vn -0.51268786 0.17290527 0.84098452
vn -0.67002189 0.22596656 0.70711368
vn -0.81933165 0.27632165 0.50233650
vn -0.71142238 0.23992899 0.66053939
vn -0.82060945 0.27675259 0.50000811
vn -0.91541201 0.30872500 0.25828224
vn -0.85247868 0.28750056 0.43660456
vn -0.91527444 0.30867860 0.25882477
vn -0.94756329 0.31956810 0
vn -0.93083572 0.31392667 0.18706936
vn -0.94756329 0.31956810 0
vn -0.47377765 0.15978269 0.86602783
vn -0.00000000 -0.96592581 0.25881904
vn -0.00000000 -1 0
vn 0.26756686 -0.96353930 0
vn 0.25844976 -0.93070751 0.25881904
vn 0.51562238 -0.85681593 0
vn 0.49805298 -0.82762063 0.25881904
vn 0.72607797 -0.68761235 0
vn 0.70133746 -0.66418254 0.25881904
vn 0.88358694 -0.46826711 0
vn 0.85347944 -0.45231131 0.25881904
vn 0.97666353 -0.21477516 0
vn 0.94338453 -0.20745687 0.25881904
vn 0.99852037 0.05437849 0
vn 0.96449661 0.05252559 0.25881904
vn 0.94756377 0.31956679 0
vn -0.00000000 -0.86602539 0.50000000
vn 0.23171970 -0.83444953 0.50000000
vn 0.44654208 -0.74202436 0.50000000
vn 0.62880200 -0.59548974 0.50000000
vn 0.76520878 -0.40553123 0.50000000
vn 0.84581542 -0.18600075 0.50000000
vn 0.86474401 0.04709316 0.50000000
vn 0.91527629 0.30867782 0.25881904
vn -0.00000000 -0.70710677 0.70710677
vn 0.18919834 -0.68132520 0.70710677
vn 0.36460009 -0.60586035 0.70710677
vn 0.51341468 -0.48621535 0.70710677
vn 0.62479031 -0.33111486 0.70710677
vn 0.69060540 -0.15186897 0.70710677
vn 0.70606053 0.03845140 0.70710677
vn 0.82061428 0.27675295 0.50000000
vn -0.00000000 -0.50000000 0.86602539
vn 0.13378343 -0.48176965 0.86602539
vn 0.25781119 -0.42840797 0.86602539
vn 0.36303899 -0.34380618 0.86602539
vn 0.44179347 -0.23413356 0.86602539
vn 0.48833176 -0.10738758 0.86602539
vn 0.49926019 0.02718925 0.86602539
vn 0.67002875 0.22596784 0.70710677
vn -0.00000000 -0.25881904 0.96592581
vn 0.06925140 -0.24938232 0.96592581
vn 0.13345289 -0.22176029 0.96592581
vn 0.18792281 -0.17796718 0.96592581
vn 0.22868913 -0.12119645 0.96592581
vn 0.25277913 -0.05558790 0.96592581
vn 0.25843608 0.01407419 0.96592581
vn 0.47378188 0.15978339 0.86602539
vn 0 0 1
vn 0.24524754 0.08270997 0.96592581
vn 0 -1 0
vn 0 -1 0
vn 0 -1 0
vn 0 -1 0
vn 0 -0.96592581 0.25881904
vn 0 -0.96592581 0.25881904
vn 0 -0.86602539 0.50000000
vn 0 -0.86602539 0.50000000
vn 0 -0.70710677 0.70710677
vn 0 -0.70710677 0.70710677
vn 0 -0.50000000 0.86602539
vn 0 -0.50000000 0.86602539
vn 0 -0.25881904 0.96592581
vn 0 -0.25881904 0.96592581
vn 0 -0.00000000 1
vn 0 -0.00000000 1
vn 0.00000000 -1 0
vn 0.00000000 -1 0
vn -0.25063851 -0.96808076 0
vn -0.25063851 -0.96808076 0
vn -0.48527667 -0.87436068 0
vn -0.48527667 -0.87436068 0
vn -0.68893546 -0.72482270 0
vn -0.68893546 -0.72482270 0
vn -0.84861362 -0.52901310 0
vn -0.84861362 -0.52901310 0
vn -0.95411760 -0.29943216 0
vn -0.95411760 -0.29943216 0
vn 0.00000000 -0.96592581 -0.25881904
vn 0.00000000 -1 0
vn -0.25063851 -0.96808076 0
vn -0.24209823 -0.93509418 -0.25881904
vn -0.48527667 -0.87436068 0
vn -0.46874127 -0.84456754 -0.25881904
vn -0.68893546 -0.72482270 0
vn -0.66546053 -0.70012498 -0.25881904
vn -0.84861362 -0.52901310 0
vn -0.81969786 -0.51098746 -0.25881904
vn -0.95411760 -0.29943216 0
vn 0.00000000 -0.86602539 -0.50000000
vn -0.21705933 -0.83838254 -0.50000000
vn -0.42026192 -0.75721854 -0.50000000
vn -0.59663558 -0.62771487 -0.50000000
vn -0.73492098 -0.45813879 -0.50000000
vn -0.92160684 -0.28922924 -0.25881904
vn 0.00000000 -0.70710677 -0.70710677
vn -0.17722820 -0.68453646 -0.70710677
vn -0.34314242 -0.61826634 -0.70710677
vn -0.48715094 -0.51252705 -0.70710677
vn -0.60006046 -0.37406877 -0.70710677
vn -0.82629007 -0.25931585 -0.50000000
vn 0.00000000 -0.50000000 -0.86602539
vn -0.12531926 -0.48404038 -0.86602539
vn -0.24263833 -0.43718034 -0.86602539
vn -0.34446773 -0.36241135 -0.86602539
vn -0.42430681 -0.26450655 -0.86602539
vn -0.67466301 -0.21173051 -0.70710677
vn 0.00000000 -0.25881904 -0.96592581
vn -0.06487002 -0.25055772 -0.96592581
vn -0.12559885 -0.22630119 -0.96592581
vn -0.17830962 -0.18759792 -0.96592581
vn -0.21963738 -0.13691868 -0.96592581
vn -0.47705880 -0.14971608 -0.86602539
vn 0 0 -1
vn -0.24694380 -0.07749874 -0.96592581
vn -0.95411760 -0.29943216 0.00000000
vn -0.95411760 -0.29943216 0.00000000
vn -0.92160684 -0.28922924 -0.25881904
vn -0.92160684 -0.28922924 -0.25881904
vn -0.82629007 -0.25931585 -0.50000000
vn -0.82629007 -0.25931585 -0.50000000
vn -0.67466301 -0.21173051 -0.70710677
vn -0.67466301 -0.21173051 -0.70710677
vn -0.47705880 -0.14971608 -0.86602539
vn -0.47705880 -0.14971608 -0.86602539
vn -0.24694380 -0.07749874 -0.96592581
vn -0.24694380 -0.07749874 -0.96592581
vn -0.00000000 -0.00000000 -1
vn -0.00000000 -0.00000000 -1
vn -0.91527587 0.30867907 -0.25881904
vn -0.94756329 0.31956810 -0.00000000
vn -0.83953029 0.54331285 0.00000000
vn -0.81092399 0.52479994 -0.25881904
vn -0.67967069 0.73351741 0.00000000
vn -0.65651149 0.70852339 -0.25881904
vn -0.47785309 0.87843978 0.00000000
vn -0.46157062 0.84850764 -0.25881904
vn -0.24653623 0.96913356 0.00000000
vn -0.23813571 0.93611115 -0.25881904
vn 0.00000000 1 0.00000000
vn -0.82061392 0.27675411 -0.50000000
vn -0.72705460 0.47052273 -0.50000000
vn -0.58861208 0.63524467 -0.50000000
vn -0.41383290 0.76075119 -0.50000000
vn -0.21350664 0.83929431 -0.50000000
vn 0.00000000 0.96592581 -0.25881904
vn -0.67002845 0.22596878 -0.70710677
vn -0.59363759 0.38418022 -0.70710677
vn -0.48059976 0.51867509 -0.70710677
vn -0.33789316 0.62115073 -0.70710677
vn -0.17432745 0.68528092 -0.70710677
vn 0.00000000 0.86602539 -0.50000000
vn -0.47378165 0.15978405 -0.86602539
vn -0.41976514 0.27165642 -0.86602539
vn -0.33983535 0.36675870 -0.86602539
vn -0.23892654 0.43921989 -0.86602539
vn -0.12326811 0.48456678 -0.86602539
vn 0.00000000 0.70710677 -0.70710677
vn -0.24524742 0.08271031 -0.96592581
vn -0.21728644 0.14061972 -0.96592581
vn -0.17591172 0.18984827 -0.96592581
vn -0.12367748 0.22735694 -0.96592581
vn -0.06380827 0.25083023 -0.96592581
vn 0.00000000 0.50000000 -0.86602539
vn 0.00000000 0 -1
vn 0.00000000 0.25881904 -0.96592581
vn -0.94756329 0.31956810 0
vn -0.94756329 0.31956810 0
vn -0.94756329 0.31956810 0
vn -0.94756329 0.31956810 0
vn -0.91527587 0.30867907 -0.25881904
vn -0.91527587 0.30867907 -0.25881904
vn -0.82061392 0.27675411 -0.50000000
vn -0.82061392 0.27675411 -0.50000000
vn -0.67002845 0.22596878 -0.70710677
vn -0.67002845 0.22596878 -0.70710677
vn -0.47378165 0.15978405 -0.86602539
vn -0.47378165 0.15978405 -0.86602539
vn -0.24524742 0.08271031 -0.96592581
vn -0.24524742 0.08271031 -0.96592581
vn -0.00000000 0.00000000 -1
vn -0.00000000 0.00000000 -1
vn 0.00000000 -1 0
vn 0.00000000 -1 0
vn -0.26756707 -0.96353924 0
vn -0.26756707 -0.96353924 0
vn -0.51562274 -0.85681576 0
vn -0.51562274 -0.85681576 0
vn -0.72607839 -0.68761194 0
vn -0.72607839 -0.68761194 0
vn -0.88358730 -0.46826640 0
vn -0.88358730 -0.46826640 0
vn -0.97666371 -0.21477419 0
vn -0.97666371 -0.21477419 0
vn -0.99852031 0.05437968 0
vn -0.99852031 0.05437968 0
vn -0.94756329 0.31956810 0
vn -0.94756329 0.31956810 0
vn -0.13444977 -0.18383618 0.97371840
vn 0.00000000 -0.22252093 0.97492790
vn 0.00000000 0 1
vn -0.12512231 -0.40398821 0.90616661
vn 0.00000000 -0.43388373 0.90096885
vn 0.00000000 -0.25881904 0.96592581
vn -0.10914870 -0.60268152 0.79048181
vn 0.00000000 -0.62348980 0.78183150
vn 0.00000000 -0.50000000 0.86602539
vn -0.08737743 -0.76936215 0.63280892
vn 0.00000000 -0.70710677 0.70710677
vn 0.00000000 -0.78183150 0.62348980
vn -0.06096492 -0.89517641 0.44152296
vn 0.00000000 -0.86602539 0.50000000
vn 0.00000000 -0.90096885 0.43388373
vn -0.03131412 -0.97344142 0.22678454
vn 0 -0.96592581 0.25881904
vn 0 -0.97492790 0.22252093
vn 0 -1 0
vn -0.26784292 -0.14583100 0.95236206
vn -0.13663565 0.04608071 0.98954904
vn -0.24524653 0.08271001 0.96592611
vn -0.25104472 -0.37440977 0.89263314
vn -0.22016340 -0.58198488 0.78282928
vn -0.17693138 -0.75691181 0.62911034
vn -0.12377387 -0.88937753 0.44009954
vn -0.06367289 -0.97195101 0.22640006
vn 0 -1 0
vn -0.39702788 -0.10940751 0.91126221
vn -0.26961568 0.09092856 0.95866543
vn -0.37477556 -0.34586000 0.86018842
vn -0.33040640 -0.56190211 0.75835192
vn -0.26653883 -0.74478436 0.61176246
vn -0.18694186 -0.88371432 0.42907074
vn -0.09631281 -0.97049326 0.22105807
vn 0 -1 0
vn -0.51904702 -0.07537483 0.85141575
vn -0.39585024 0.13350148 0.90855926
vn -0.47377947 0.15978330 0.86602676
vn -0.49333313 -0.31899735 0.80923611
vn -0.43713507 -0.54290831 0.71705198
vn -0.35392544 -0.73327172 0.58055955
vn -0.24884596 -0.87832463 0.40819302
vn -0.12838973 -0.96910387 0.21060334
vn 0 -1 0
vn -0.73272556 -0.01671924 0.68031883
vn -0.51268786 0.17290527 0.84098452
vn -0.67002189 0.22596656 0.70711368
vn -0.70514613 -0.27225205 0.65471196
vn -0.63052404 -0.50962204 0.58542705
vn -0.51383752 -0.71299344 0.47708634
vn -0.36287120 -0.86879861 0.33691758
vn -0.18769655 -0.96664333 0.17427193
vn 0 -1 0
vn -0.71142238 0.23992899 0.66053939
vn -0.82060945 0.27675259 0.50000811
vn -0.88976580 0.02555449 0.45570147
vn -0.86443937 -0.23818988 0.44273034
vn -0.77828169 -0.48517263 0.39860392
vn -0.63735574 -0.69801342 0.32642743
vn -0.45157862 -0.86173451 0.23128001
vn -0.23402351 -0.96481460 0.11985723
vn 0 -1 0
vn -0.85247868 0.28750056 0.43660456
vn -0.91527444 0.30867860 0.25882477
vn -0.97920591 0.04928852 0.19679028
vn -0.95661551 -0.21892145 0.19225030
vn -0.86470151 -0.47126672 0.17377841
vn -0.71012479 -0.68946046 0.14271325
vn -0.50408703 -0.85769069 0.10130599
vn -0.26151934 -0.96376622 0.05255735
vn 0 -1 0
vn -0.99852031 0.05437968 0
vn -0.93083572 0.31392667 0.18706936
vn -0.97666371 -0.21477419 0
vn -0.88358730 -0.46826640 0
vn -0.72607839 -0.68761194 0
vn -0.51562274 -0.85681576 0
vn -0.26756707 -0.96353924 0
vn 0 -1 0
vn -0.94756329 0.31956810 0
vn 0 -1 0
vn 0 -0.96592581 0.25881904
vn 0 -0.96592581 0.25881904
vn 0 -0.97492790 0.22252093
vn 0 -1 -0.00000000
vn 0 -0.86602539 0.50000000
vn 0 -0.86602539 0.50000000
vn 0 -0.90096885 0.43388373
vn 0 -0.70710677 0.70710677
vn 0 -0.70710677 0.70710677
vn 0 -0.78183150 0.62348980
vn 0 -0.50000000 0.86602539
vn 0 -0.50000000 0.86602539
vn 0 -0.62348980 0.78183150
vn 0 -0.25881904 0.96592581
vn 0 -0.25881904 0.96592581
vn 0 -0.43388373 0.90096885
vn 0 -0.00000000 1
vn 0 -0.00000000 1
vn 0 -0.22252093 0.97492790
vn 0 -1 -0.00000000
vn -0.92160684 -0.28922924 0.25881904
vn -0.95411760 -0.29943216 0
vn -0.84861362 -0.52901310 0
vn -0.81969786 -0.51098746 0.25881904
vn -0.68893546 -0.72482270 0
vn -0.66546053 -0.70012498 0.25881904
vn -0.48527667 -0.87436068 0
vn -0.46874127 -0.84456754 0.25881904
vn -0.25063851 -0.96808076 0
vn -0.24209823 -0.93509418 0.25881904
vn -0.00000000 -1 0
vn -0.82629007 -0.25931585 0.50000000
vn -0.73492098 -0.45813879 0.50000000
vn -0.59663558 -0.62771487 0.50000000
vn -0.42026192 -0.75721854 0.50000000
vn -0.21705933 -0.83838254 0.50000000
vn -0.00000000 -0.96592581 0.25881904
vn -0.67466301 -0.21173051 0.70710677
vn -0.60006046 -0.37406877 0.70710677
vn -0.48715094 -0.51252705 0.70710677
vn -0.34314242 -0.61826634 0.70710677
vn -0.17722820 -0.68453646 0.70710677
vn -0.00000000 -0.86602539 0.50000000
vn -0.47705880 -0.14971608 0.86602539
vn -0.42430681 -0.26450655 0.86602539
vn -0.34446773 -0.36241135 0.86602539
vn -0.24263833 -0.43718034 0.86602539
vn -0.12531926 -0.48404038 0.86602539
vn 0.00000000 -0.70710677 0.70710677
vn -0.24694380 -0.07749874 0.96592581
vn -0.21963738 -0.13691868 0.96592581
vn -0.17830962 -0.18759792 0.96592581
vn -0.12559885 -0.22630119 0.96592581
vn -0.06487002 -0.25055772 0.96592581
vn 0.00000000 -0.50000000 0.86602539
vn 0 0 1
vn -0.00000000 -0.25881904 0.96592581
vn -0.95411760 -0.29943216 0
vn -0.95411760 -0.29943216 0
vn -0.95411760 -0.29943216 0
vn -0.95411760 -0.29943216 0
vn -0.92160684 -0.28922924 -0.25881904
vn -0.84861362 -0.52901310 -0.00000000
vn -0.81969786 -0.51098746 -0.25881904
vn -0.68893546 -0.72482270 -0.00000000
vn -0.66546053 -0.70012498 -0.25881904
vn -0.48527667 -0.87436068 -0.00000000
vn -0.46874127 -0.84456754 -0.25881904
vn -0.25063851 -0.96808076 -0.00000000
vn -0.24209823 -0.93509418 -0.25881904
vn 0.00000000 -1 -0.00000000
vn -0.82629007 -0.25931585 -0.50000000
vn -0.73492098 -0.45813879 -0.50000000
vn -0.59663558 -0.62771487 -0.50000000
vn -0.42026192 -0.75721854 -0.50000000
vn -0.21705933 -0.83838254 -0.50000000
vn 0.00000000 -0.96592581 -0.25881904
vn -0.67466301 -0.21173051 -0.70710677
vn -0.60006046 -0.37406877 -0.70710677
vn -0.48715094 -0.51252705 -0.70710677
vn -0.34314242 -0.61826634 -0.70710677
vn -0.17722820 -0.68453646 -0.70710677
vn 0.00000000 -0.86602539 -0.50000000
vn -0.47705880 -0.14971608 -0.86602539
vn -0.42430681 -0.26450655 -0.86602539
vn -0.34446773 -0.36241135 -0.86602539
vn -0.24263833 -0.43718034 -0.86602539
vn -0.12531926 -0.48404038 -0.86602539
vn -0.00000000 -0.70710677 -0.70710677
vn -0.24694380 -0.07749874 -0.96592581
vn -0.21963738 -0.13691868 -0.96592581
vn -0.17830962 -0.18759792 -0.96592581
vn -0.12559885 -0.22630119 -0.96592581
vn -0.06487002 -0.25055772 -0.96592581
vn -0.00000000 -0.50000000 -0.86602539
vn 0.00000000 0.00000000 -1
vn 0.00000000 0.00000000 -1
vn 0.00000000 0.00000000 -1
vn 0.00000000 0.00000000 -1
vn 0.00000000 0.00000000 -1
vn 0.00000000 -0.25881904 -0.96592581
vn 0.00000000 0.00000000 -1
vn -0.95411760 -0.29943216 0
vn -0.95411760 -0.29943216 0
vn -0.92160684 -0.28922924 0.25881904
vn -0.92160684 -0.28922924 0.25881904
vn -0.82629007 -0.25931585 0.50000000
vn -0.82629007 -0.25931585 0.50000000
vn -0.67466301 -0.21173051 0.70710677
vn -0.67466301 -0.21173051 0.70710677
vn -0.47705880 -0.14971608 0.86602539
vn -0.47705880 -0.14971608 0.86602539
vn -0.24694380 -0.07749874 0.96592581
vn -0.24694380 -0.07749874 0.96592581
vn -0.00000000 -0.00000000 1
vn -0.00000000 -0.00000000 1
vn -0.25063851 -0.96808076 0
vn -0.00000000 -1 0
vn -0.00000000 -1 0
vn -0.48527667 -0.87436068 0
vn -0.25063851 -0.96808076 0
vn -0.68893546 -0.72482270 0
vn -0.48527667 -0.87436068 0
vn -0.84861362 -0.52901310 0
vn -0.68893546 -0.72482270 0
vn -0.95411760 -0.29943216 0
vn -0.84861362 -0.52901310 0
vn -0.95411760 -0.29943216 0
vn 0 -1 0.00000000
vn 0 -1 0.00000000
vn 0 -0.96592581 -0.25881904
vn 0 -0.96592581 -0.25881904
vn 0 -0.86602539 -0.50000000
vn 0 -0.86602539 -0.50000000
vn 0 -0.70710677 -0.70710677
vn 0 -0.70710677 -0.70710677
vn 0 -0.50000000 -0.86602539
vn 0 -0.50000000 -0.86602539
vn 0 -0.25881904 -0.96592581
vn 0 -0.25881904 -0.96592581
vn 0 -0.00000000 -1
vn 0 -0.00000000 -1
vn -0.24694380 -0.07749874 0.96592581
vn 0.00000000 0.00000000 1
vn 0.00000000 0.00000000 1
vn -0.21963738 -0.13691868 0.96592581
vn 0.00000000 0.00000000 1
vn -0.17830962 -0.18759792 0.96592581
vn 0.00000000 0.00000000 1
vn -0.12559885 -0.22630119 0.96592581
vn 0.00000000 0.00000000 1
vn -0.06487002 -0.25055772 0.96592581
vn -0.00000000 0.00000000 1
vn -0.47705880 -0.14971608 0.86602539
vn -0.42430681 -0.26450655 0.86602539
vn -0.34446773 -0.36241135 0.86602539
vn -0.24263833 -0.43718034 0.86602539
vn -0.12531926 -0.48404038 0.86602539
vn -0.00000000 -0.25881904 0.96592581
vn -0.67466301 -0.21173051 0.70710677
vn -0.60006046 -0.37406877 0.70710677
vn -0.48715094 -0.51252705 0.70710677
vn -0.34314242 -0.61826634 0.70710677
vn -0.17722820 -0.68453646 0.70710677
vn -0.00000000 -0.50000000 0.86602539
vn -0.82629007 -0.25931585 0.50000000
vn -0.73492098 -0.45813879 0.50000000
vn -0.59663558 -0.62771487 0.50000000
vn -0.42026192 -0.75721854 0.50000000
vn -0.21705933 -0.83838254 0.50000000
vn -0.00000000 -0.70710677 0.70710677
vn -0.92160684 -0.28922924 0.25881904
vn -0.81969786 -0.51098746 0.25881904
vn -0.66546053 -0.70012498 0.25881904
vn -0.46874127 -0.84456754 0.25881904
vn -0.24209823 -0.93509418 0.25881904
vn 0.00000000 -0.86602539 0.50000000
vn -0.95411760 -0.29943216 0.00000000
vn -0.84861362 -0.52901310 0.00000000
vn -0.68893546 -0.72482270 0.00000000
vn -0.48527667 -0.87436068 0.00000000
vn -0.25063851 -0.96808076 0.00000000
vn 0.00000000 -0.96592581 0.25881904
vn 0.00000000 -1 0.00000000
vn 0.00000000 -1 0.00000000
vn 0.00000000 -1 0.00000000
vn 0.00000000 -1 0.00000000
vn -0.00000000 -0.96592581 -0.25881904
vn 0.25075352 -0.96805096 -0.00000000
vn 0.24220932 -0.93506545 -0.25881904
vn 0.48548439 -0.87424535 -0.00000000
vn 0.46894193 -0.84445614 -0.25881904
vn 0.68919373 -0.72457713 -0.00000000
vn 0.66571003 -0.69988775 -0.25881904
vn 0.84886497 -0.52860981 -0.00000000
vn 0.81994057 -0.51059783 -0.25881904
vn 0.95429528 -0.29886532 -0.00000000
vn -0.00000000 -0.86602539 -0.50000000
vn 0.21715893 -0.83835673 -0.50000000
vn 0.42044184 -0.75711864 -0.50000000
vn 0.59685928 -0.62750220 -0.50000000
vn 0.73513860 -0.45778951 -0.50000000
vn 0.92177850 -0.28868175 -0.25881904
vn -0.00000000 -0.70710677 -0.70710677
vn 0.17730953 -0.68451542 -0.70710677
vn 0.34328932 -0.61818480 -0.70710677
vn 0.48733357 -0.51235336 -0.70710677
vn 0.60023814 -0.37378356 -0.70710677
vn 0.82644397 -0.25882497 -0.50000000
vn -0.00000000 -0.50000000 -0.86602539
vn 0.12537676 -0.48402548 -0.86602539
vn 0.24274220 -0.43712267 -0.86602539
vn 0.34459686 -0.36228856 -0.86602539
vn 0.42443249 -0.26430491 -0.86602539
vn 0.67478865 -0.21132970 -0.70710677
vn -0.00000000 -0.25881904 -0.96592581
vn 0.06489979 -0.25055003 -0.96592581
vn 0.12565261 -0.22627135 -0.96592581
vn 0.17837647 -0.18753435 -0.96592581
vn 0.21970241 -0.13681428 -0.96592581
vn 0.47714764 -0.14943266 -0.86602539
vn 0.00000000 0.00000000 -1
vn 0.00000000 0.00000000 -1
vn 0.00000000 0.00000000 -1
vn 0.00000000 0.00000000 -1
vn 0.00000000 0.00000000 -1
vn 0.24698980 -0.07735204 -0.96592581
vn 0.00000000 0.00000000 -1
vn 0 -1 -0.00000000
vn 0 -1 -0.00000000
vn 0 -0.96592581 0.25881904
vn 0 -0.96592581 0.25881904
vn 0 -0.86602539 0.50000000
vn 0 -0.86602539 0.50000000
vn 0 -0.70710677 0.70710677
vn 0 -0.70710677 0.70710677
vn 0 -0.50000000 0.86602539
vn 0 -0.50000000 0.86602539
vn 0 -0.25881904 0.96592581
vn 0 -0.25881904 0.96592581
vn 0 -0.00000000 1
vn 0 -0.00000000 1
vn 0.84886497 -0.52860981 0
vn 0.95429528 -0.29886532 0
vn 0.95429528 -0.29886532 0
vn 0.68919373 -0.72457713 0
vn 0.84886497 -0.52860981 0
vn 0.48548439 -0.87424535 0
vn 0.68919373 -0.72457713 0
vn 0.25075352 -0.96805096 0
vn 0.48548439 -0.87424535 0
vn -0.00000000 -1 0
vn 0.25075352 -0.96805096 0
vn -0.00000000 -1 0
vn 0.95429528 -0.29886532 0.00000000
vn 0.95429528 -0.29886532 0.00000000
vn 0.92177850 -0.28868175 -0.25881904
vn 0.92177850 -0.28868175 -0.25881904
vn 0.82644397 -0.25882497 -0.50000000
vn 0.82644397 -0.25882497 -0.50000000
vn 0.67478865 -0.21132970 -0.70710677
vn 0.67478865 -0.21132970 -0.70710677
vn 0.47714764 -0.14943266 -0.86602539
vn 0.47714764 -0.14943266 -0.86602539
vn 0.24698980 -0.07735204 -0.96592581
vn 0.24698980 -0.07735204 -0.96592581
vn 0.00000000 -0.00000000 -1
vn 0.00000000 -0.00000000 -1
vn -0.00000000 -0.25881904 0.96592581
vn -0.00000000 -0.00000000 1
vn -0.00000000 -0.00000000 1
vn 0.06489979 -0.25055003 0.96592581
vn -0.00000000 -0.00000000 1
vn 0.12565261 -0.22627135 0.96592581
vn 0.00000000 -0.00000000 1
vn 0.17837647 -0.18753435 0.96592581
vn 0.00000000 -0.00000000 1
vn 0.21970241 -0.13681428 0.96592581
vn 0.00000000 -0.00000000 1
vn -0.00000000 -0.50000000 0.86602539
vn 0.12537676 -0.48402548 0.86602539
vn 0.24274220 -0.43712267 0.86602539
vn 0.34459686 -0.36228856 0.86602539
vn 0.42443249 -0.26430491 0.86602539
vn 0.24698980 -0.07735204 0.96592581
vn -0.00000000 -0.70710677 0.70710677
vn 0.17730953 -0.68451542 0.70710677
vn 0.34328932 -0.61818480 0.70710677
vn 0.48733357 -0.51235336 0.70710677
vn 0.60023814 -0.37378356 0.70710677
vn 0.47714764 -0.14943266 0.86602539
vn -0.00000000 -0.86602539 0.50000000
vn 0.21715893 -0.83835673 0.50000000
vn 0.42044184 -0.75711864 0.50000000
vn 0.59685928 -0.62750220 0.50000000
vn 0.73513860 -0.45778951 0.50000000
vn 0.67478865 -0.21132970 0.70710677
vn -0.00000000 -0.96592581 0.25881904
vn 0.24220932 -0.93506545 0.25881904
vn 0.46894193 -0.84445614 0.25881904
vn 0.66571003 -0.69988775 0.25881904
vn 0.81994057 -0.51059783 0.25881904
vn 0.82644397 -0.25882497 0.50000000
vn -0.00000000 -1 0.00000000
vn 0.25075352 -0.96805096 0.00000000
vn 0.48548439 -0.87424535 0.00000000
vn 0.68919373 -0.72457713 0.00000000
vn 0.84886497 -0.52860981 0.00000000
vn 0.92177850 -0.28868175 0.25881904
vn 0.95429528 -0.29886532 0.00000000
vn 0.95429528 -0.29886532 0.00000000
vn 0.92177850 -0.28868175 0.25881904
vn 0.82644397 -0.25882497 0.50000000
vn 0.82644397 -0.25882497 0.50000000
vn 0.67478865 -0.21132970 0.70710677
vn 0.67478865 -0.21132970 0.70710677
vn 0.47714764 -0.14943266 0.86602539
vn 0.47714764 -0.14943266 0.86602539
vn 0.24698980 -0.07735204 0.96592581
vn 0.24698980 -0.07735204 0.96592581
vn 0.00000000 -0.00000000 1
vn 0.00000000 -0.00000000 1
vn 0.95429528 -0.29886532 0
vn 0.95429528 -0.29886532 0
vn 0.95429528 -0.29886532 0
vn 0.95429528 -0.29886532 0
vn 0.84886497 -0.52860981 0
vn 0.84886497 -0.52860981 0
vn 0.68919373 -0.72457713 0
vn 0.68919373 -0.72457713 0
vn 0.48548439 -0.87424535 0
vn 0.48548439 -0.87424535 0
vn 0.25075352 -0.96805096 0
vn 0.25075352 -0.96805096 0
vn 0.00000000 -1 0
vn 0.00000000 -1 0
vn -0.00000000 -0.96592581 0.25881904
vn 0.25075352 -0.96805096 0
vn 0.24220932 -0.93506545 0.25881904
vn 0.48548439 -0.87424535 0
vn 0.46894193 -0.84445614 0.25881904
vn 0.68919373 -0.72457713 0
vn 0.66571003 -0.69988775 0.25881904
vn 0.84886497 -0.52860981 0
vn 0.81994057 -0.51059783 0.25881904
vn 0.95429528 -0.29886532 0
vn -0.00000000 -0.86602539 0.50000000
vn 0.21715893 -0.83835673 0.50000000
vn 0.42044184 -0.75711864 0.50000000
vn 0.59685928 -0.62750220 0.50000000
vn 0.73513860 -0.45778951 0.50000000
vn 0.92177850 -0.28868175 0.25881904
vn -0.00000000 -0.70710677 0.70710677
vn 0.17730953 -0.68451542 0.70710677
vn 0.34328932 -0.61818480 0.70710677
vn 0.48733357 -0.51235336 0.70710677
vn 0.60023814 -0.37378356 0.70710677
vn 0.82644397 -0.25882497 0.50000000
vn -0.00000000 -0.50000000 0.86602539
vn 0.12537676 -0.48402548 0.86602539
vn 0.24274220 -0.43712267 0.86602539
vn 0.34459686 -0.36228856 0.86602539
vn 0.42443249 -0.26430491 0.86602539
vn 0.67478865 -0.21132970 0.70710677
vn -0.00000000 -0.25881904 0.96592581
vn 0.06489979 -0.25055003 0.96592581
vn 0.12565261 -0.22627135 0.96592581
vn 0.17837647 -0.18753435 0.96592581
vn 0.21970241 -0.13681428 0.96592581
vn 0.47714764 -0.14943266 0.86602539
vn 0 0 1
vn 0.24698980 -0.07735204 0.96592581
vn 0 -1 0
vn 0 -1 0
vn 0 -1 0
vn 0 -1 0
vn 0 -1 0
vn 0 -1 0
vn 0 -1 0
vn 0 -1 0
vn 0 -1 0
vn 0 -1 0
vn 0 -1 0
vn 0 -1 0
vn 0 -0.96592581 -0.25881904
vn 0 -0.96592581 -0.25881904
vn 0 -0.86602539 -0.50000000
vn 0 -0.86602539 -0.50000000
vn 0 -0.70710677 -0.70710677
vn 0 -0.70710677 -0.70710677
vn 0 -0.50000000 -0.86602539
vn 0 -0.50000000 -0.86602539
vn 0 -0.25881904 -0.96592581
vn 0 -0.25881904 -0.96592581
vn 0 -0.00000000 -1
vn 0 -0.00000000 -1
vn -0.00000000 -0.96592581 -0.25881904
vn -0.00000000 -1 0.00000000
vn -0.26756707 -0.96353924 0.00000000
vn -0.25844994 -0.93070745 -0.25881904
vn -0.51562274 -0.85681576 0.00000000
vn -0.49805331 -0.82762045 -0.25881904
vn -0.72607839 -0.68761194 0.00000000
vn -0.70133787 -0.66418213 -0.25881904
vn -0.88358730 -0.46826640 0.00000000
vn -0.85347980 -0.45231062 -0.25881904
vn -0.97666371 -0.21477419 -0.00000000
vn -0.94338471 -0.20745595 -0.25881904
vn -0.99852031 0.05437968 -0.00000000
vn -0.96449655 0.05252673 -0.25881904
vn -0.94756329 0.31956810 0.00000000
vn -0.00000000 -0.86602539 -0.50000000
vn -0.23171987 -0.83444947 -0.50000000
vn -0.44654238 -0.74202418 -0.50000000
vn -0.62880236 -0.59548938 -0.50000000
vn -0.76520908 -0.40553060 -0.50000000
vn -0.84581560 -0.18599992 -0.50000000
vn -0.86474395 0.04709418 -0.50000000
vn -0.91527587 0.30867907 -0.25881904
vn 0.00000000 -0.70710677 -0.70710677
vn -0.18919848 -0.68132514 -0.70710677
vn -0.36460033 -0.60586023 -0.70710677
vn -0.51341498 -0.48621505 -0.70710677
vn -0.62479061 -0.33111435 -0.70710677
vn -0.69060552 -0.15186828 -0.70710677
vn -0.70606047 0.03845224 -0.70710677
vn -0.82061392 0.27675411 -0.50000000
vn 0.00000000 -0.50000000 -0.86602539
vn -0.13378353 -0.48176962 -0.86602539
vn -0.25781137 -0.42840788 -0.86602539
vn -0.36303920 -0.34380597 -0.86602539
vn -0.44179365 -0.23413320 -0.86602539
vn -0.48833185 -0.10738710 -0.86602539
vn -0.49926016 0.02718984 -0.86602539
vn -0.67002845 0.22596878 -0.70710677
vn 0.00000000 -0.25881904 -0.96592581
vn -0.06925145 -0.24938230 -0.96592581
vn -0.13345298 -0.22176023 -0.96592581
vn -0.18792292 -0.17796706 -0.96592581
vn -0.22868922 -0.12119626 -0.96592581
vn -0.25277919 -0.05558765 -0.96592581
vn -0.25843608 0.01407450 -0.96592581
vn -0.47378165 0.15978405 -0.86602539
vn 0.00000000 0 -1
vn -0.24524742 0.08271031 -0.96592581
vn 0.92177850 -0.28868175 -0.25881904
vn 0.95429528 -0.29886532 0
vn 0.84886497 -0.52860981 0
vn 0.81994057 -0.51059783 -0.25881904
vn 0.68919373 -0.72457713 0
vn 0.66571003 -0.69988775 -0.25881904
vn 0.48548439 -0.87424535 0
vn 0.46894193 -0.84445614 -0.25881904
vn 0.25075352 -0.96805096 0
vn 0.24220932 -0.93506545 -0.25881904
vn 0.00000000 -1 0
vn 0.82644397 -0.25882497 -0.50000000
vn 0.73513860 -0.45778951 -0.50000000
vn 0.59685928 -0.62750220 -0.50000000
vn 0.42044184 -0.75711864 -0.50000000
vn 0.21715893 -0.83835673 -0.50000000
vn 0.00000000 -0.96592581 -0.25881904
vn 0.67478865 -0.21132970 -0.70710677
vn 0.60023814 -0.37378356 -0.70710677
vn 0.48733357 -0.51235336 -0.70710677
vn 0.34328932 -0.61818480 -0.70710677
vn 0.17730953 -0.68451542 -0.70710677
vn 0.00000000 -0.86602539 -0.50000000
vn 0.47714764 -0.14943266 -0.86602539
vn 0.42443249 -0.26430491 -0.86602539
vn 0.34459686 -0.36228856 -0.86602539
vn 0.24274220 -0.43712267 -0.86602539
vn 0.12537676 -0.48402548 -0.86602539
vn -0.00000000 -0.70710677 -0.70710677
vn 0.24698980 -0.07735204 -0.96592581
vn 0.21970241 -0.13681428 -0.96592581
vn 0.17837647 -0.18753435 -0.96592581
vn 0.12565261 -0.22627135 -0.96592581
vn 0.06489979 -0.25055003 -0.96592581
vn 0.00000000 -0.50000000 -0.86602539
vn 0 0 -1
vn 0.00000000 -0.25881904 -0.96592581
vn 0 0 -1
vn 0 0 -1
vn 0 0 -1
vn 0 0 -1
vn 0 0 -1
vn 0 0 -1
vn 0 0 -1
vn 0 0 -1
vn 0 0 -1
vn 0 0 -1
vn 0 0 -1
vn 0 0 -1
vn 0 0 -1
vn 0 0 -1
vn 0 0 -1
vn 0 0 -1
vn 0 0 -1
vn 0 0 -1
vn 0 0 -1
vn 0 0 -1
vn 0 0 -1
vn 0 0 -1
vn 0 0 -1
vn 0 0 -1
vn 0 0 -1
vn 0 0 -1
vn 0 0 -1
vn 0 0 -1
vn 0 0 -1
vn 0 0 -1
vn 0 0 -1
vn 0 0 -1
vn 0 0 -1
vn 0 0 -1
vn 0 0 -1
vn 0 0 -1
vn 0 0 -1
vn 0 0 -1
vn 0 0 -1
vn 0 0 -1
vn 0 0 -1
vn 0 0 -1
vn 0 0 -1
vn 0 0 -1
vn 0 0 -1
vn 0 1 0.00000000
vn 0 1 0.00000000
vn 0 0.96592581 -0.25881904
vn 0 0.96592581 -0.25881904
vn 0 0.86602539 -0.50000000
vn 0 0.86602539 -0.50000000
vn 0 0.70710677 -0.70710677
vn 0 0.70710677 -0.70710677
vn 0 0.50000000 -0.86602539
vn 0 0.50000000 -0.86602539
vn 0 0.25881904 -0.96592581
vn 0 0.25881904 -0.96592581
vn 0 0.00000000 -1
vn 0 0.00000000 -1
vn 0.00000000 0.96592581 -0.25881904
vn 0.00000000 1 -0.00000000
vn -0.26465097 0.96434426 -0.00000000
vn -0.25563321 0.93148506 -0.25881904
vn -0.51042926 0.85991973 -0.00000000
vn -0.49303684 0.83061868 -0.25881904
vn -0.71980816 0.69417304 -0.00000000
vn -0.69528127 0.67051971 -0.25881904
vn -0.87785643 0.47892389 -0.00000000
vn -0.84794420 0.46260494 -0.25881904
vn -0.97330350 0.22952195 -0.00000000
vn -0.94013900 0.22170117 -0.25881904
vn -0.99934286 -0.03624753 -0.00000000
vn -0.96529108 -0.03501243 -0.25881904
vn -0.95411760 -0.29943216 -0.00000000
vn 0.00000000 0.86602539 -0.50000000
vn -0.22919446 0.83514661 -0.50000000
vn -0.44204473 0.74471235 -0.50000000
vn -0.62337214 0.60117149 -0.50000000
vn -0.76024598 0.41476026 -0.50000000
vn -0.84290552 0.19877183 -0.50000000
vn -0.86545628 -0.03139128 -0.50000000
vn -0.92160684 -0.28922924 -0.25881904
vn 0.00000000 0.70710677 -0.70710677
vn -0.18713650 0.68189436 -0.70710677
vn -0.36092800 0.60805506 -0.70710677
vn -0.50898123 0.49085447 -0.70710677
vn -0.62073821 0.33865032 -0.70710677
vn -0.68822950 0.16229653 -0.70710677
vn -0.70664209 -0.02563087 -0.70710677
vn -0.82629007 -0.25931585 -0.50000000
vn 0.00000000 0.50000000 -0.86602539
vn -0.13232549 0.48217213 -0.86602539
vn -0.25521463 0.42995986 -0.86602539
vn -0.35990408 0.34708652 -0.86602539
vn -0.43892822 0.23946194 -0.86602539
vn -0.48665175 0.11476097 -0.86602539
vn -0.49967143 -0.01812377 -0.86602539
vn -0.67466301 -0.21173051 -0.70710677
vn 0.00000000 0.25881904 -0.96592581
vn -0.06849671 0.24959067 -0.96592581
vn -0.13210882 0.22256361 -0.96592581
vn -0.18630005 0.17966521 -0.96592581
vn -0.22720596 0.12395462 -0.96592581
vn -0.25190946 0.05940465 -0.96592581
vn -0.25864896 -0.00938155 -0.96592581
vn -0.47705880 -0.14971608 -0.86602539
vn -0.00000000 -0.00000000 -1
vn -0.00000000 -0.00000000 -1
vn -0.00000000 -0.00000000 -1
vn -0.00000000 -0.00000000 -1
vn -0.00000000 -0.00000000 -1
vn -0.00000000 -0.00000000 -1
vn -0.00000000 -0.00000000 -1
vn -0.24694380 -0.07749874 -0.96592581
vn -0.00000000 -0.00000000 -1
vn 0.92177850 -0.28868175 -0.25881904
vn 0.95429528 -0.29886532 -0.00000000
vn 0.99936116 -0.03573870 -0.00000000
vn 0.96530879 -0.03452093 -0.25881904
vn 0.97320598 0.22993490 -0.00000000
vn 0.94004482 0.22210006 -0.25881904
vn 0.87769383 0.47922185 -0.00000000
vn 0.84778714 0.46289274 -0.25881904
vn 0.71963137 0.69435626 -0.00000000
vn 0.69511056 0.67069668 -0.25881904
vn 0.51028335 0.86000633 -0.00000000
vn 0.49289584 0.83070236 -0.25881904
vn 0.26456913 0.96436673 -0.00000000
vn 0.25555417 0.93150669 -0.25881904
vn 0.00000000 1 -0.00000000
vn 0.82644397 -0.25882497 -0.50000000
vn 0.86547214 -0.03095062 -0.50000000
vn 0.84282112 0.19912946 -0.50000000
vn 0.76010513 0.41501829 -0.50000000
vn 0.62321907 0.60133016 -0.50000000
vn 0.44191834 0.74478734 -0.50000000
vn 0.22912359 0.83516610 -0.50000000
vn -0.00000000 0.96592581 -0.25881904
vn 0.67478865 -0.21132970 -0.70710677
vn 0.70665509 -0.02527108 -0.70710677
vn 0.68816060 0.16258854 -0.70710677
vn 0.62062323 0.33886102 -0.70710677
vn 0.50885624 0.49098405 -0.70710677
vn 0.36082479 0.60811633 -0.70710677
vn 0.18707862 0.68191028 -0.70710677
vn 0.00000000 0.86602539 -0.50000000
vn 0.47714764 -0.14943266 -0.86602539
vn 0.49968058 -0.01786935 -0.86602539
vn 0.48660299 0.11496745 -0.86602539
vn 0.43884692 0.23961093 -0.86602539
vn 0.35981569 0.34717813 -0.86602539
vn 0.25514168 0.43000317 -0.86602539
vn 0.13228457 0.48218337 -0.86602539
vn 0.00000000 0.70710677 -0.70710677
vn 0.24698980 -0.07735204 -0.96592581
vn 0.25865370 -0.00924986 -0.96592581
vn 0.25188425 0.05951153 -0.96592581
vn 0.22716388 0.12403174 -0.96592581
vn 0.18625431 0.17971262 -0.96592581
vn 0.13207105 0.22258602 -0.96592581
vn 0.06847553 0.24959648 -0.96592581
vn -0.00000000 0.50000000 -0.86602539
vn 0.00000000 -0.00000000 -1
vn 0.00000000 -0.00000000 -1
vn 0.00000000 -0.00000000 -1
vn 0.00000000 -0.00000000 -1
vn 0.00000000 -0.00000000 -1
vn 0.00000000 -0.00000000 -1
vn 0.00000000 -0.00000000 -1
vn -0.00000000 0.25881904 -0.96592581
vn 0.00000000 -0.00000000 -1
vn 0 1 0
vn 0 1 0
vn 0 1 0
vn 0 1 0
vn -0.95411760 -0.29943216 0.00000000
vn -0.95411760 -0.29943216 0.00000000
vn -0.92160684 -0.28922924 -0.25881904
vn -0.92160684 -0.28922924 -0.25881904
vn -0.82629007 -0.25931585 -0.50000000
vn -0.82629007 -0.25931585 -0.50000000
vn -0.67466301 -0.21173051 -0.70710677
vn -0.67466301 -0.21173051 -0.70710677
vn -0.47705880 -0.14971608 -0.86602539
vn -0.47705880 -0.14971608 -0.86602539
vn -0.24694380 -0.07749874 -0.96592581
vn -0.24694380 -0.07749874 -0.96592581
vn 0.00000000 0.00000000 -1
vn 0.00000000 0.00000000 -1
vn -0.99934286 -0.03624753 0
vn -0.95411760 -0.29943216 0
vn -0.95411760 -0.29943216 0
vn -0.97330350 0.22952195 0
vn -0.99934286 -0.03624753 0
vn -0.87785643 0.47892389 0
vn -0.97330350 0.22952195 0
vn -0.71980816 0.69417304 0
vn -0.87785643 0.47892389 0
vn -0.51042926 0.85991973 0
vn -0.71980816 0.69417304 0
vn -0.26465097 0.96434426 0
vn -0.51042926 0.85991973 0
vn 0.00000000 1 0
vn -0.26465097 0.96434426 0
vn 0.00000000 1 0
vn 0 -1 0.00000000
vn 0 -1 0.00000000
vn 0 -0.96592581 -0.25881904
vn 0 -0.96592581 -0.25881904
vn 0 -0.86602539 -0.50000000
vn 0 -0.86602539 -0.50000000
vn 0 -0.70710677 -0.70710677
vn 0 -0.70710677 -0.70710677
vn 0 -0.50000000 -0.86602539
vn 0 -0.50000000 -0.86602539
vn 0 -0.25881904 -0.96592581
vn 0 -0.25881904 -0.96592581
vn 0 -0.00000000 -1
vn 0 -0.00000000 -1
vn 0.95429528 -0.29886532 0.00000000
vn 0.95429528 -0.29886532 0.00000000
vn 0.92177850 -0.28868175 -0.25881904
vn 0.92177850 -0.28868175 -0.25881904
vn 0.82644397 -0.25882497 -0.50000000
vn 0.82644397 -0.25882497 -0.50000000
vn 0.67478865 -0.21132970 -0.70710677
vn 0.67478865 -0.21132970 -0.70710677
vn 0.47714764 -0.14943266 -0.86602539
vn 0.47714764 -0.14943266 -0.86602539
vn 0.24698980 -0.07735204 -0.96592581
vn 0.24698980 -0.07735204 -0.96592581
vn -0.00000000 0.00000000 -1
vn -0.00000000 0.00000000 -1
vn 0.26456913 0.96436673 0
vn 0.00000000 1 0
vn 0.00000000 1 0
vn 0.51028335 0.86000633 0
vn 0.26456913 0.96436673 0
vn 0.71963137 0.69435626 0
vn 0.51028335 0.86000633 0
vn 0.87769383 0.47922185 0
vn 0.71963137 0.69435626 0
vn 0.97320598 0.22993490 0
vn 0.87769383 0.47922185 0
vn 0.99936116 -0.03573870 0
vn 0.97320598 0.22993490 0
vn 0.95429528 -0.29886532 0
vn 0.99936116 -0.03573870 0
vn 0.95429528 -0.29886532 0
vn 0 1 -0.00000000
vn 0 1 -0.00000000
vn 0 0.96592581 0.25881904
vn 0 0.96592581 0.25881904
vn 0 0.86602539 0.50000000
vn 0 0.86602539 0.50000000
vn 0 0.70710677 0.70710677
vn 0 0.70710677 0.70710677
vn 0 0.50000000 0.86602539
vn 0 0.50000000 0.86602539
vn 0 0.25881904 0.96592581
vn 0 0.25881904 0.96592581
vn 0 0.00000000 1
vn 0 0.00000000 1
vn 0 0.00000000 1
vn -0.06849671 0.24959067 0.96592581
vn 0 0.00000000 1
vn -0.13210882 0.22256361 0.96592581
vn 0.00000000 -0.00000000 1
vn -0.18630005 0.17966521 0.96592581
vn 0.00000000 -0.00000000 1
vn -0.22720596 0.12395462 0.96592581
vn 0.00000000 -0.00000000 1
vn -0.25190946 0.05940465 0.96592581
vn 0.00000000 -0.00000000 1
vn -0.25864896 -0.00938155 0.96592581
vn 0.00000000 0.00000000 1
vn 0.00000000 0.50000000 0.86602539
vn -0.13232549 0.48217213 0.86602539
vn -0.25521463 0.42995986 0.86602539
vn -0.35990408 0.34708652 0.86602539
vn -0.43892822 0.23946194 0.86602539
vn -0.48665175 0.11476097 0.86602539
vn -0.49967143 -0.01812377 0.86602539
vn -0.24694380 -0.07749874 0.96592581
vn 0.00000000 0.70710677 0.70710677
vn -0.18713650 0.68189436 0.70710677
vn -0.36092800 0.60805506 0.70710677
vn -0.50898123 0.49085447 0.70710677
vn -0.62073821 0.33865032 0.70710677
vn -0.68822950 0.16229653 0.70710677
vn -0.70664209 -0.02563087 0.70710677
vn -0.47705880 -0.14971608 0.86602539
vn 0.00000000 0.86602539 0.50000000
vn -0.22919446 0.83514661 0.50000000
vn -0.44204473 0.74471235 0.50000000
vn -0.62337214 0.60117149 0.50000000
vn -0.76024598 0.41476026 0.50000000
vn -0.84290552 0.19877183 0.50000000
vn -0.86545628 -0.03139128 0.50000000
vn -0.67466301 -0.21173051 0.70710677
vn 0.00000000 0.96592581 0.25881904
vn -0.25563321 0.93148506 0.25881904
vn -0.49303684 0.83061868 0.25881904
vn -0.69528127 0.67051971 0.25881904
vn -0.84794420 0.46260494 0.25881904
vn -0.94013900 0.22170117 0.25881904
vn -0.96529108 -0.03501243 0.25881904
vn -0.82629007 -0.25931585 0.50000000
vn 0.00000000 1 0.00000000
vn -0.26465097 0.96434426 0.00000000
vn -0.51042926 0.85991973 0.00000000
vn -0.71980816 0.69417304 0.00000000
vn -0.87785643 0.47892389 0.00000000
vn -0.97330350 0.22952195 0.00000000
vn -0.99934286 -0.03624753 0.00000000
vn -0.92160684 -0.28922924 0.25881904
vn -0.95411760 -0.29943216 0.00000000
vn -0.95411760 -0.29943216 0.00000000
vn -0.95411760 -0.29943216 0.00000000
vn -0.95411760 -0.29943216 0.00000000
vn -0.92160684 -0.28922924 -0.25881904
vn -0.84861362 -0.52901310 -0.00000000
vn -0.81969786 -0.51098746 -0.25881904
vn -0.68893546 -0.72482270 -0.00000000
vn -0.66546053 -0.70012498 -0.25881904
vn -0.48527667 -0.87436068 -0.00000000
vn -0.46874127 -0.84456754 -0.25881904
vn -0.25063851 -0.96808076 -0.00000000
vn -0.24209823 -0.93509418 -0.25881904
vn 0.00000000 -1 -0.00000000
vn -0.82629007 -0.25931585 -0.50000000
vn -0.73492098 -0.45813879 -0.50000000
vn -0.59663558 -0.62771487 -0.50000000
vn -0.42026192 -0.75721854 -0.50000000
vn -0.21705933 -0.83838254 -0.50000000
vn 0.00000000 -0.96592581 -0.25881904
vn -0.67466301 -0.21173051 -0.70710677
vn -0.60006046 -0.37406877 -0.70710677
vn -0.48715094 -0.51252705 -0.70710677
vn -0.34314242 -0.61826634 -0.70710677
vn -0.17722820 -0.68453646 -0.70710677
vn -0.00000000 -0.86602539 -0.50000000
vn -0.47705880 -0.14971608 -0.86602539
vn -0.42430681 -0.26450655 -0.86602539
vn -0.34446773 -0.36241135 -0.86602539
vn -0.24263833 -0.43718034 -0.86602539
vn -0.12531926 -0.48404038 -0.86602539
vn 0.00000000 -0.70710677 -0.70710677
vn -0.24694380 -0.07749874 -0.96592581
vn -0.21963738 -0.13691868 -0.96592581
vn -0.17830962 -0.18759792 -0.96592581
vn -0.12559885 -0.22630119 -0.96592581
vn -0.06487002 -0.25055772 -0.96592581
vn 0.00000000 -0.50000000 -0.86602539
vn -0.00000000 -0.00000000 -1
vn -0.00000000 -0.00000000 -1
vn -0.00000000 -0.00000000 -1
vn -0.00000000 -0.00000000 -1
vn -0.00000000 -0.00000000 -1
vn 0.00000000 -0.25881904 -0.96592581
vn -0.00000000 -0.00000000 -1
vn -0.00000000 -0.96592581 -0.25881904
vn -0.00000000 -1 -0.00000000
vn 0.25075352 -0.96805096 -0.00000000
vn 0.24220932 -0.93506545 -0.25881904
vn 0.48548439 -0.87424535 -0.00000000
vn 0.46894193 -0.84445614 -0.25881904
vn 0.68919373 -0.72457713 -0.00000000
vn 0.66571003 -0.69988775 -0.25881904
vn 0.84886497 -0.52860981 -0.00000000
vn 0.81994057 -0.51059783 -0.25881904
vn 0.95429528 -0.29886532 -0.00000000
vn -0.00000000 -0.86602539 -0.50000000
vn 0.21715893 -0.83835673 -0.50000000
vn 0.42044184 -0.75711864 -0.50000000
vn 0.59685928 -0.62750220 -0.50000000
vn 0.73513860 -0.45778951 -0.50000000
vn 0.92177850 -0.28868175 -0.25881904
vn -0.00000000 -0.70710677 -0.70710677
vn 0.17730953 -0.68451542 -0.70710677
vn 0.34328932 -0.61818480 -0.70710677
vn 0.48733357 -0.51235336 -0.70710677
vn 0.60023814 -0.37378356 -0.70710677
vn 0.82644397 -0.25882497 -0.50000000
vn -0.00000000 -0.50000000 -0.86602539
vn 0.12537676 -0.48402548 -0.86602539
vn 0.24274220 -0.43712267 -0.86602539
vn 0.34459686 -0.36228856 -0.86602539
vn 0.42443249 -0.26430491 -0.86602539
vn 0.67478865 -0.21132970 -0.70710677
vn -0.00000000 -0.25881904 -0.96592581
vn 0.06489979 -0.25055003 -0.96592581
vn 0.12565261 -0.22627135 -0.96592581
vn 0.17837647 -0.18753435 -0.96592581
vn 0.21970241 -0.13681428 -0.96592581
vn 0.47714764 -0.14943266 -0.86602539
vn -0.00000000 -0.00000000 -1
vn -0.00000000 -0.00000000 -1
vn -0.00000000 -0.00000000 -1
vn -0.00000000 -0.00000000 -1
vn -0.00000000 -0.00000000 -1
vn 0.24698980 -0.07735204 -0.96592581
vn -0.00000000 -0.00000000 -1
vn 0.95429528 -0.29886532 0
vn 0.95429528 -0.29886532 0
vn 0.95429528 -0.29886532 0
vn 0.95429528 -0.29886532 0
vn 0.24698980 -0.07735204 0.96592581
vn 0.00000000 -0.00000000 1
vn 0.00000000 -0.00000000 1
vn 0.25865370 -0.00924986 0.96592581
vn 0.00000000 -0.00000000 1
vn 0.25188425 0.05951153 0.96592581
vn 0.00000000 0.00000000 1
vn 0.22716388 0.12403174 0.96592581
vn 0.00000000 0.00000000 1
vn 0.18625431 0.17971262 0.96592581
vn 0.00000000 0.00000000 1
vn 0.13207105 0.22258602 0.96592581
vn 0.00000000 0.00000000 1
vn 0.06847553 0.24959648 0.96592581
vn 0.00000000 0.00000000 1
vn 0.47714764 -0.14943266 0.86602539
vn 0.49968058 -0.01786935 0.86602539
vn 0.48660299 0.11496745 0.86602539
vn 0.43884692 0.23961093 0.86602539
vn 0.35981569 0.34717813 0.86602539
vn 0.25514168 0.43000317 0.86602539
vn 0.13228457 0.48218337 0.86602539
vn 0.00000000 0.25881904 0.96592581
vn 0.67478865 -0.21132970 0.70710677
vn 0.70665509 -0.02527108 0.70710677
vn 0.68816060 0.16258854 0.70710677
vn 0.62062323 0.33886102 0.70710677
vn 0.50885624 0.49098405 0.70710677
vn 0.36082479 0.60811633 0.70710677
vn 0.18707862 0.68191028 0.70710677
vn -0.00000000 0.50000000 0.86602539
vn 0.82644397 -0.25882497 0.50000000
vn 0.86547214 -0.03095062 0.50000000
vn 0.84282112 0.19912946 0.50000000
vn 0.76010513 0.41501829 0.50000000
vn 0.62321907 0.60133016 0.50000000
vn 0.44191834 0.74478734 0.50000000
vn 0.22912359 0.83516610 0.50000000
vn 0.00000000 0.70710677 0.70710677
vn 0.92177850 -0.28868175 0.25881904
vn 0.96530879 -0.03452093 0.25881904
vn 0.94004482 0.22210006 0.25881904
vn 0.84778714 0.46289274 0.25881904
vn 0.69511056 0.67069668 0.25881904
vn 0.49289584 0.83070236 0.25881904
vn 0.25555417 0.93150669 0.25881904
vn 0.00000000 0.86602539 0.50000000
vn 0.95429528 -0.29886532 0.00000000
vn 0.99936116 -0.03573870 0.00000000
vn 0.97320598 0.22993490 0.00000000
vn 0.87769383 0.47922185 0.00000000
vn 0.71963137 0.69435626 0.00000000
vn 0.51028335 0.86000633 0.00000000
vn 0.26456913 0.96436673 0.00000000
vn 0.00000000 0.96592581 0.25881904
vn 0.00000000 1 0.00000000
vn 0 -1 0
vn 0 -1 0
vn 0 -1 0
vn 0 -1 0
vn -0.95411760 -0.29943216 0
vn -0.95411760 -0.29943216 0
vn -0.92160684 -0.28922924 0.25881904
vn -0.92160684 -0.28922924 0.25881904
vn -0.82629007 -0.25931585 0.50000000
vn -0.82629007 -0.25931585 0.50000000
vn -0.67466301 -0.21173051 0.70710677
vn -0.67466301 -0.21173051 0.70710677
vn -0.47705880 -0.14971608 0.86602539
vn -0.47705880 -0.14971608 0.86602539
vn -0.24694380 -0.07749874 0.96592581
vn -0.24694380 -0.07749874 0.96592581
vn -0.00000000 -0.00000000 1
vn -0.00000000 -0.00000000 1
vn -0.25063851 -0.96808076 0
vn -0.00000000 -1 0
vn -0.00000000 -1 0
vn -0.48527667 -0.87436068 0
vn -0.25063851 -0.96808076 0
vn -0.68893546 -0.72482270 0
vn -0.48527667 -0.87436068 0
vn -0.84861362 -0.52901310 0
vn -0.68893546 -0.72482270 0
vn -0.95411760 -0.29943216 0
vn -0.84861362 -0.52901310 0
vn -0.95411760 -0.29943216 0
vn -0.24694380 -0.07749874 0.96592581
vn 0.00000000 0.00000000 1
vn 0.00000000 0.00000000 1
vn -0.21963738 -0.13691868 0.96592581
vn 0.00000000 0.00000000 1
vn -0.17830962 -0.18759792 0.96592581
vn 0.00000000 0.00000000 1
vn -0.12559885 -0.22630119 0.96592581
vn 0.00000000 0.00000000 1
vn -0.06487002 -0.25055772 0.96592581
vn -0.00000000 0.00000000 1
vn -0.47705880 -0.14971608 0.86602539
vn -0.42430681 -0.26450655 0.86602539
vn -0.34446773 -0.36241135 0.86602539
vn -0.24263833 -0.43718034 0.86602539
vn -0.12531926 -0.48404038 0.86602539
vn -0.00000000 -0.25881904 0.96592581
vn -0.67466301 -0.21173051 0.70710677
vn -0.60006046 -0.37406877 0.70710677
vn -0.48715094 -0.51252705 0.70710677
vn -0.34314242 -0.61826634 0.70710677
vn -0.17722820 -0.68453646 0.70710677
vn -0.00000000 -0.50000000 0.86602539
vn -0.82629007 -0.25931585 0.50000000
vn -0.73492098 -0.45813879 0.50000000
vn -0.59663558 -0.62771487 0.50000000
vn -0.42026192 -0.75721854 0.50000000
vn -0.21705933 -0.83838254 0.50000000
vn -0.00000000 -0.70710677 0.70710677
vn -0.92160684 -0.28922924 0.25881904
vn -0.81969786 -0.51098746 0.25881904
vn -0.66546053 -0.70012498 0.25881904
vn -0.46874127 -0.84456754 0.25881904
vn -0.24209823 -0.93509418 0.25881904
vn -0.00000000 -0.86602539 0.50000000
vn -0.95411760 -0.29943216 0.00000000
vn -0.84861362 -0.52901310 0.00000000
vn -0.68893546 -0.72482270 0.00000000
vn -0.48527667 -0.87436068 0.00000000
vn -0.25063851 -0.96808076 0.00000000
vn -0.00000000 -0.96592581 0.25881904
vn -0.00000000 -1 0.00000000
vn 0 0 1
vn 0 0 1
vn 0 0 1
vn 0 0 1
vn 0 0 1
vn 0 0 1
vn 0 0 1
vn 0 0 1
vn 0 0 1
vn 0 0 1
vn 0 0 1
vn 0 0 1
vn 0 0 1
vn 0 0 1
vn 0 0 1
vn 0 0 1
vn 0 0 1
vn 0 0 1
vn 0 0 1
vn 0 0 1
vn 0 0 1
vn 0 0 1
vn 0 0 1
vn 0 0 1
vn 0 0 1
vn 0 0 1
vn 0 0 1
vn 0 0 1
vn 0 0 1
vn 0 0 1
vn 0 0 1
vn 0 0 1
vn 0 0 1
vn 0 0 1
vn 0 0 1
vn 0 0 1
vn 0 0 1
vn 0 0 1
vn 0 0 1
vn 0 0 1
vn 0 0 1
vn 0 0 1
vn 0 0 1
vn 0 0 1
vn 0 0 1
vn 0 0 1
vn 0.84886497 -0.52860981 0
vn 0.95429528 -0.29886532 0
vn 0.95429528 -0.29886532 0
vn 0.68919373 -0.72457713 0
vn 0.84886497 -0.52860981 0
vn 0.48548439 -0.87424535 0
vn 0.68919373 -0.72457713 0
vn 0.25075352 -0.96805096 0
vn 0.48548439 -0.87424535 0
vn -0.00000000 -1 0
vn 0.25075352 -0.96805096 0
vn -0.00000000 -1 0
vn 0.95429528 -0.29886532 0
vn 0.95429528 -0.29886532 0
vn 0.92177850 -0.28868175 0.25881904
vn 0.92177850 -0.28868175 0.25881904
vn 0.82644397 -0.25882497 0.50000000
vn 0.82644397 -0.25882497 0.50000000
vn 0.67478865 -0.21132970 0.70710677
vn 0.67478865 -0.21132970 0.70710677
vn 0.47714764 -0.14943266 0.86602539
vn 0.47714764 -0.14943266 0.86602539
vn 0.24698980 -0.07735204 0.96592581
vn 0.24698980 -0.07735204 0.96592581
vn -0.00000000 0.00000000 1
vn -0.00000000 0.00000000 1
vn -0.00000000 -0.25881904 0.96592581
vn -0.00000000 0.00000000 1
vn -0.00000000 0.00000000 1
vn 0.06489979 -0.25055003 0.96592581
vn 0.00000000 -0.00000000 1
vn 0.12565261 -0.22627135 0.96592581
vn 0.00000000 -0.00000000 1
vn 0.17837647 -0.18753435 0.96592581
vn 0.00000000 -0.00000000 1
vn 0.21970241 -0.13681428 0.96592581
vn 0.00000000 -0.00000000 1
vn -0.00000000 -0.50000000 0.86602539
vn 0.12537676 -0.48402548 0.86602539
vn 0.24274220 -0.43712267 0.86602539
vn 0.34459686 -0.36228856 0.86602539
vn 0.42443249 -0.26430491 0.86602539
vn 0.24698980 -0.07735204 0.96592581
vn -0.00000000 -0.70710677 0.70710677
vn 0.17730953 -0.68451542 0.70710677
vn 0.34328932 -0.61818480 0.70710677
vn 0.48733357 -0.51235336 0.70710677
vn 0.60023814 -0.37378356 0.70710677
vn 0.47714764 -0.14943266 0.86602539
vn -0.00000000 -0.86602539 0.50000000
vn 0.21715893 -0.83835673 0.50000000
vn 0.42044184 -0.75711864 0.50000000
vn 0.59685928 -0.62750220 0.50000000
vn 0.73513860 -0.45778951 0.50000000
vn 0.67478865 -0.21132970 0.70710677
vn -0.00000000 -0.96592581 0.25881904
vn 0.24220932 -0.93506545 0.25881904
vn 0.46894193 -0.84445614 0.25881904
vn 0.66571003 -0.69988775 0.25881904
vn 0.81994057 -0.51059783 0.25881904
vn 0.82644397 -0.25882497 0.50000000
vn -0.00000000 -1 0.00000000
vn 0.25075352 -0.96805096 0.00000000
vn 0.48548439 -0.87424535 0.00000000
vn 0.68919373 -0.72457713 0.00000000
vn 0.84886497 -0.52860981 0.00000000
vn 0.92177850 -0.28868175 0.25881904
vn 0.95429528 -0.29886532 0.00000000
vn 0 -1 -0.00000000
vn 0 -1 -0.00000000
vn 0 -0.96592581 0.25881904
vn 0 -0.96592581 0.25881904
vn 0 -0.86602539 0.50000000
vn 0 -0.86602539 0.50000000
vn 0 -0.70710677 0.70710677
vn 0 -0.70710677 0.70710677
vn 0 -0.50000000 0.86602539
vn 0 -0.50000000 0.86602539
vn 0 -0.25881904 0.96592581
vn 0 -0.25881904 0.96592581
vn 0 -0.00000000 1
vn 0 -0.00000000 1
f 1/1/1 2/2/2 3/3/3
f 4/4/4 3/3/3 5/5/5
f 6/6/6 5/5/5 7/7/7
f 8/8/8 7/7/7 9/9/9
f 10/10/10 9/9/9 11/11/11
f 12/12/12 11/11/11 13/13/13
f 14/14/14 13/13/13 15/15/15
f 16/16/16 1/1/1 4/4/4
f 17/17/17 4/4/4 6/6/6
f 18/18/18 6/6/6 8/8/8
f 19/19/19 8/8/8 10/10/10
f 20/20/20 10/10/10 12/12/12
f 21/21/21 12/12/12 14/14/14
f 22/22/22 14/14/14 23/23/23
f 24/24/24 16/16/16 17/17/17
f 25/25/25 17/17/17 18/18/18
f 26/26/26 18/18/18 19/19/19
f 27/27/27 19/19/19 20/20/20
f 28/28/28 20/20/20 21/21/21
f 29/29/29 21/21/21 22/22/22
f 30/30/30 22/22/22 31/31/31
f 32/32/32 24/24/24 25/25/25
f 33/33/33 25/25/25 26/26/26
f 34/34/34 26/26/26 27/27/27
f 35/35/35 27/27/27 28/28/28
f 36/36/36 28/28/28 29/29/29
f 37/37/37 29/29/29 30/30/30
f 38/38/38 30/30/30 39/39/39
f 40/40/40 32/32/32 33/33/33
f 41/41/41 33/33/33 34/34/34
f 42/42/42 34/34/34 35/35/35
f 43/43/43 35/35/35 36/36/36
f 44/44/44 36/36/36 37/37/37
f 45/45/45 37/37/37 38/38/38
f 46/46/46 38/38/38 47/47/47
f 48/48/48 46/46/46 49/49/49
f 48/48/48 45/45/45 46/46/46
f 48/48/48 44/44/44 45/45/45
f 48/48/48 43/43/43 44/44/44
f 48/48/48 42/42/42 43/43/43
f 48/48/48 41/41/41 42/42/42
f 48/48/48 40/40/40 41/41/41
f 47/47/47 49/49/49 46/46/46
f 38/38/38 46/46/46 45/45/45
f 37/37/37 45/45/45 44/44/44
f 36/36/36 44/44/44 43/43/43
f 35/35/35 43/43/43 42/42/42
f 34/34/34 42/42/42 41/41/41
f 33/33/33 41/41/41 40/40/40
f 39/39/39 47/47/47 38/38/38
f 30/30/30 38/38/38 37/37/37
f 29/29/29 37/37/37 36/36/36
f 28/28/28 36/36/36 35/35/35
f 27/27/27 35/35/35 34/34/34
f 26/26/26 34/34/34 33/33/33
f 25/25/25 33/33/33 32/32/32
f 31/31/31 39/39/39 30/30/30
f 22/22/22 30/30/30 29/29/29
f 21/21/21 29/29/29 28/28/28
f 20/20/20 28/28/28 27/27/27
f 19/19/19 27/27/27 26/26/26
f 18/18/18 26/26/26 25/25/25
f 17/17/17 25/25/25 24/24/24
f 23/23/23 31/31/31 22/22/22
f 14/14/14 22/22/22 21/21/21
f 12/12/12 21/21/21 20/20/20
f 10/10/10 20/20/20 19/19/19
f 8/8/8 19/19/19 18/18/18
f 6/6/6 18/18/18 17/17/17
f 4/4/4 17/17/17 16/16/16
f 15/15/15 23/23/23 14/14/14
f 13/13/13 14/14/14 12/12/12
f 11/11/11 12/12/12 10/10/10
f 9/9/9 10/10/10 8/8/8
f 7/7/7 8/8/8 6/6/6
f 5/5/5 6/6/6 4/4/4
f 3/3/3 4/4/4 1/1/1
f 50/50/50 2/51/51 1/52/52
f 51/53/53 1/52/52 16/54/54
f 52/55/55 16/54/54 24/56/56
f 53/57/57 24/56/56 32/58/58
f 54/59/59 32/58/58 40/60/60
f 55/61/61 40/60/60 48/62/62
f 48/62/62 56/63/63 55/61/61
f 40/60/60 55/61/61 54/59/59
f 32/58/58 54/59/59 53/57/57
f 24/56/56 53/57/57 52/55/55
f 16/54/54 52/55/55 51/53/53
f 1/52/52 51/53/53 50/50/50
f 50/64/64 57/65/65 58/66/66
f 58/66/66 2/67/67 50/64/64
f 59/68/68 60/69/69 61/70/70
f 62/71/71 61/70/70 63/72/72
f 64/73/73 63/72/72 65/74/74
f 66/75/75 65/74/74 67/76/76
f 68/77/77 67/76/76 50/78/78
f 69/79/79 59/68/68 62/71/71
f 70/80/80 62/71/71 64/73/73
f 71/81/81 64/73/73 66/75/75
f 72/82/82 66/75/75 68/77/77
f 73/83/83 68/77/77 51/84/84
f 74/85/85 69/79/79 70/80/80
f 75/86/86 70/80/80 71/81/81
f 76/87/87 71/81/81 72/82/82
f 77/88/88 72/82/82 73/83/83
f 78/89/89 73/83/83 52/90/90
f 79/91/91 74/85/85 75/86/86
f 80/92/92 75/86/86 76/87/87
f 81/93/93 76/87/87 77/88/88
f 82/94/94 77/88/88 78/89/89
f 83/95/95 78/89/89 53/96/96
f 84/97/97 79/91/91 80/92/92
f 85/98/98 80/92/92 81/93/93
f 86/99/99 81/93/93 82/94/94
f 87/100/100 82/94/94 83/95/95
f 88/101/101 83/95/95 54/102/102
f 56/103/103 88/101/101 55/104/104
f 56/103/103 87/100/100 88/101/101
f 56/103/103 86/99/99 87/100/100
f 56/103/103 85/98/98 86/99/99
f 56/103/103 84/97/97 85/98/98
f 54/102/102 55/104/104 88/101/101
f 83/95/95 88/101/101 87/100/100
f 82/94/94 87/100/100 86/99/99
f 81/93/93 86/99/99 85/98/98
f 80/92/92 85/98/98 84/97/97
f 53/96/96 54/102/102 83/95/95
f 78/89/89 83/95/95 82/94/94
f 77/88/88 82/94/94 81/93/93
f 76/87/87 81/93/93 80/92/92
f 75/86/86 80/92/92 79/91/91
f 52/90/90 53/96/96 78/89/89
f 73/83/83 78/89/89 77/88/88
f 72/82/82 77/88/88 76/87/87
f 71/81/81 76/87/87 75/86/86
f 70/80/80 75/86/86 74/85/85
f 51/84/84 52/90/90 73/83/83
f 68/77/77 73/83/83 72/82/82
f 66/75/75 72/82/82 71/81/81
f 64/73/73 71/81/81 70/80/80
f 62/71/71 70/80/80 69/79/79
f 50/78/78 51/84/84 68/77/77
f 67/76/76 68/77/77 66/75/75
f 65/74/74 66/75/75 64/73/73
f 63/72/72 64/73/73 62/71/71
f 61/70/70 62/71/71 59/68/68
f 60/105/105 89/106/106 90/107/107
f 61/108/108 90/107/107 91/109/109
f 63/110/110 91/109/109 92/111/111
f 65/112/112 92/111/111 93/113/113
f 67/114/114 93/113/113 57/115/115
f 57/115/115 50/116/116 67/114/114
f 93/113/113 67/114/114 65/112/112
f 92/111/111 65/112/112 63/110/110
f 91/109/109 63/110/110 61/108/108
f 90/107/107 61/108/108 60/105/105
f 94/117/117 60/118/118 59/119/119
f 95/120/120 59/119/119 69/121/121
f 96/122/122 69/121/121 74/123/123
f 97/124/124 74/123/123 79/125/125
f 98/126/126 79/125/125 84/127/127
f 99/128/128 84/127/127 56/129/129
f 56/129/129 100/130/130 99/128/128
f 84/127/127 99/128/128 98/126/126
f 79/125/125 98/126/126 97/124/124
f 74/123/123 97/124/124 96/122/122
f 69/121/121 96/122/122 95/120/120
f 59/119/119 95/120/120 94/117/117
f 101/131/131 57/132/132 93/133/133
f 102/134/134 93/133/133 92/135/135
f 103/136/136 92/135/135 91/137/137
f 104/138/138 91/137/137 90/139/139
f 105/140/140 90/139/139 89/141/141
f 106/142/142 101/131/131 102/134/134
f 107/143/143 102/134/134 103/136/136
f 108/144/144 103/136/136 104/138/138
f 109/145/145 104/138/138 105/140/140
f 110/146/146 105/140/140 111/147/147
f 112/148/148 106/142/142 107/143/143
f 113/149/149 107/143/143 108/144/144
f 114/150/150 108/144/144 109/145/145
f 115/151/151 109/145/145 110/146/146
f 116/152/152 110/146/146 117/153/153
f 118/154/154 112/148/148 113/149/149
f 119/155/155 113/149/149 114/150/150
f 120/156/156 114/150/150 115/151/151
f 121/157/157 115/151/151 116/152/152
f 122/158/158 116/152/152 123/159/159
f 124/160/160 118/154/154 119/155/155
f 125/161/161 119/155/155 120/156/156
f 126/162/162 120/156/156 121/157/157
f 127/163/163 121/157/157 122/158/158
f 128/164/164 122/158/158 129/165/165
f 130/166/166 128/164/164 131/167/167
f 130/166/166 127/163/163 128/164/164
f 130/166/166 126/162/162 127/163/163
f 130/166/166 125/161/161 126/162/162
f 130/166/166 124/160/160 125/161/161
f 129/165/165 131/167/167 128/164/164
f 122/158/158 128/164/164 127/163/163
f 121/157/157 127/163/163 126/162/162
f 120/156/156 126/162/162 125/161/161
f 119/155/155 125/161/161 124/160/160
f 123/159/159 129/165/165 122/158/158
f 116/152/152 122/158/158 121/157/157
f 115/151/151 121/157/157 120/156/156
f 114/150/150 120/156/156 119/155/155
f 113/149/149 119/155/155 118/154/154
f 117/153/153 123/159/159 116/152/152
f 110/146/146 116/152/152 115/151/151
f 109/145/145 115/151/151 114/150/150
f 108/144/144 114/150/150 113/149/149
f 107/143/143 113/149/149 112/148/148
f 111/147/147 117/153/153 110/146/146
f 105/140/140 110/146/146 109/145/145
f 104/138/138 109/145/145 108/144/144
f 103/136/136 108/144/144 107/143/143
f 102/134/134 107/143/143 106/142/142
f 89/141/141 111/147/147 105/140/140
f 90/139/139 105/140/140 104/138/138
f 91/137/137 104/138/138 103/136/136
f 92/135/135 103/136/136 102/134/134
f 93/133/133 102/134/134 101/131/131
f 132/168/168 133/169/169 134/170/170
f 134/170/170 135/171/171 132/168/168
f 132/168/168 136/172/172 137/173/173
f 135/171/171 138/174/174 132/168/168
f 138/174/174 136/172/172 132/168/168
f 60/175/175 94/176/176 139/177/177
f 139/177/177 94/176/176 132/168/168
f 137/173/173 139/177/177 132/168/168
f 139/177/177 89/178/178 60/175/175
f 89/178/178 139/177/177 140/179/179
f 111/180/180 140/179/179 141/181/181
f 117/182/182 141/181/181 142/183/183
f 123/184/184 142/183/183 143/185/185
f 129/186/186 143/185/185 144/187/187
f 131/188/188 144/187/187 145/189/189
f 145/189/189 130/190/190 131/188/188
f 144/187/187 131/188/188 129/186/186
f 143/185/185 129/186/186 123/184/184
f 142/183/183 123/184/184 117/182/182
f 141/181/181 117/182/182 111/180/180
f 140/179/179 111/180/180 89/178/178
f 58/191/191 57/192/192 101/193/193
f 146/194/194 101/193/193 106/195/195
f 147/196/196 106/195/195 112/197/197
f 148/198/198 112/197/197 118/199/199
f 149/200/200 118/199/199 124/201/201
f 150/202/202 124/201/201 130/203/203
f 130/203/203 151/204/204 150/202/202
f 124/201/201 150/202/202 149/200/200
f 118/199/199 149/200/200 148/198/198
f 112/197/197 148/198/198 147/196/196
f 106/195/195 147/196/196 146/194/194
f 101/193/193 146/194/194 58/191/191
f 2/205/205 58/206/206 152/207/207
f 3/208/208 152/207/207 153/209/209
f 5/210/210 153/209/209 154/211/211
f 7/212/212 154/211/211 155/213/213
f 9/214/214 155/213/213 156/215/215
f 11/216/216 156/215/215 157/217/217
f 13/218/218 157/217/217 158/219/219
f 158/219/219 15/220/220 13/218/218
f 157/217/217 13/218/218 11/216/216
f 156/215/215 11/216/216 9/214/214
f 155/213/213 9/214/214 7/212/212
f 154/211/211 7/212/212 5/210/210
f 153/209/209 5/210/210 3/208/208
f 152/207/207 3/208/208 2/205/205
f 15/220/220 159/221/221 160/222/222
f 23/223/223 160/222/222 161/224/224
f 31/225/225 161/224/224 162/226/226
f 39/227/227 162/226/226 163/228/228
f 47/229/229 163/228/228 164/230/230
f 49/231/231 164/230/230 165/232/232
f 165/232/232 48/233/233 49/231/231
f 164/230/230 49/231/231 47/229/229
f 163/228/228 47/229/229 39/227/227
f 162/226/226 39/227/227 31/225/225
f 161/224/224 31/225/225 23/223/223
f 160/222/222 23/223/223 15/220/220
f 166/234/234 167/235/235 168/236/236
f 168/236/236 169/237/237 166/234/234
f 169/237/237 170/238/238 171/239/239
f 171/239/239 172/240/240 169/237/237
f 173/241/241 172/240/240 174/242/242
f 172/240/240 175/243/243 174/242/242
f 173/241/241 176/244/244 177/245/245
f 177/245/245 178/246/246 173/241/241
f 178/246/246 179/247/247 180/248/248
f 180/248/248 94/249/249 178/246/246
f 180/248/248 132/250/250 94/249/249
f 177/245/245 179/247/247 178/246/246
f 174/242/242 176/244/244 173/241/241
f 171/239/239 175/243/243 172/240/240
f 168/236/236 170/238/238 169/237/237
f 167/251/251 181/252/252 182/253/253
f 170/254/254 182/253/253 183/255/255
f 183/255/255 171/256/256 170/254/254
f 184/257/257 174/258/258 175/259/259
f 175/259/259 183/255/255 184/257/257
f 185/260/260 177/261/261 176/262/262
f 176/262/262 184/257/257 185/260/260
f 185/260/260 186/263/263 179/264/264
f 186/263/263 180/265/265 179/264/264
f 186/263/263 133/266/266 132/267/267
f 181/252/252 187/268/268 188/269/269
f 183/255/255 182/253/253 188/269/269
f 184/257/257 183/255/255 189/270/270
f 185/260/260 184/257/257 190/271/271
f 186/263/263 185/260/260 191/272/272
f 192/273/273 134/274/274 133/266/266
f 187/268/268 193/275/275 194/276/276
f 189/270/270 188/269/269 194/276/276
f 190/271/271 189/270/270 195/277/277
f 191/272/272 190/271/271 196/278/278
f 192/273/273 191/272/272 197/279/279
f 198/280/280 135/281/281 134/274/274
f 199/282/282 194/276/276 193/275/275
f 193/275/275 200/283/283 199/282/282
f 195/277/277 194/276/276 199/282/282
f 196/278/278 195/277/277 201/284/284
f 197/279/279 196/278/278 202/285/285
f 198/280/280 197/279/279 203/286/286
f 204/287/287 138/288/288 135/281/281
f 205/289/289 206/290/290 207/291/291
f 201/284/284 199/282/282 207/291/291
f 202/285/285 201/284/284 208/292/292
f 203/286/286 202/285/285 209/293/293
f 204/287/287 203/286/286 210/294/294
f 211/295/295 136/296/296 138/288/288
f 212/297/297 207/291/291 206/290/290
f 206/290/290 213/298/298 212/297/297
f 208/292/292 207/291/291 212/297/297
f 209/293/293 208/292/292 214/299/299
f 210/294/294 209/293/293 215/300/300
f 211/295/295 210/294/294 216/301/301
f 217/302/302 137/303/303 136/296/296
f 144/304/304 212/297/297 218/305/305
f 212/297/297 144/304/304 143/306/306
f 214/299/299 143/306/306 142/307/307
f 215/300/300 142/307/307 141/308/308
f 216/301/301 141/308/308 140/309/309
f 140/309/309 139/310/310 137/303/303
f 137/303/303 217/302/302 140/309/309
f 140/309/309 217/302/302 216/301/301
f 141/308/308 216/301/301 215/300/300
f 142/307/307 215/300/300 214/299/299
f 143/306/306 214/299/299 212/297/297
f 218/305/305 145/311/311 144/304/304
f 136/296/296 211/295/295 217/302/302
f 216/301/301 217/302/302 211/295/295
f 215/300/300 216/301/301 210/294/294
f 214/299/299 215/300/300 209/293/293
f 212/297/297 214/299/299 208/292/292
f 213/298/298 218/305/305 212/297/297
f 138/288/288 204/287/287 211/295/295
f 210/294/294 211/295/295 204/287/287
f 209/293/293 210/294/294 203/286/286
f 208/292/292 209/293/293 202/285/285
f 207/291/291 208/292/292 201/284/284
f 207/291/291 199/282/282 205/289/289
f 135/281/281 198/280/280 204/287/287
f 203/286/286 204/287/287 198/280/280
f 202/285/285 203/286/286 197/279/279
f 201/284/284 202/285/285 196/278/278
f 199/282/282 201/284/284 195/277/277
f 200/283/283 205/289/289 199/282/282
f 134/274/274 192/273/273 198/280/280
f 197/279/279 198/280/280 192/273/273
f 196/278/278 197/279/279 191/272/272
f 195/277/277 196/278/278 190/271/271
f 194/276/276 195/277/277 189/270/270
f 194/276/276 188/269/269 187/268/268
f 133/266/266 186/263/263 192/273/273
f 191/272/272 192/273/273 186/263/263
f 190/271/271 191/272/272 185/260/260
f 189/270/270 190/271/271 184/257/257
f 188/269/269 189/270/270 183/255/255
f 188/269/269 182/253/253 181/252/252
f 132/267/267 180/265/265 186/263/263
f 179/264/264 177/261/261 185/260/260
f 176/262/262 174/258/258 184/257/257
f 175/259/259 171/256/256 183/255/255
f 170/254/254 168/312/312 182/253/253
f 182/253/253 168/312/312 167/251/251
f 218/313/313 219/314/314 220/315/315
f 218/313/313 221/316/316 219/314/314
f 220/315/315 145/317/317 218/313/313
f 222/318/318 206/319/319 205/320/320
f 206/319/319 223/321/321 221/316/316
f 206/319/319 222/318/318 224/322/322
f 224/322/322 223/321/321 206/319/319
f 221/316/316 213/323/323 206/319/319
f 193/324/324 225/325/325 222/318/318
f 193/324/324 226/326/326 225/325/325
f 187/327/327 227/328/328 226/326/326
f 187/327/327 228/329/329 227/328/328
f 181/330/330 229/331/331 228/329/329
f 181/330/330 230/332/332 229/331/331
f 167/333/333 231/334/334 230/332/332
f 167/333/333 232/335/335 231/334/334
f 230/332/332 181/330/330 167/333/333
f 228/329/329 187/327/327 181/330/330
f 226/326/326 193/324/324 187/327/327
f 222/318/318 200/336/336 193/324/324
f 205/320/320 200/336/336 222/318/318
f 218/313/313 213/323/323 221/316/316
f 233/337/337 158/338/338 157/339/339
f 234/340/340 157/339/339 156/341/341
f 235/342/342 156/341/341 155/343/343
f 236/344/344 155/343/343 154/345/345
f 237/346/346 154/345/345 153/347/347
f 238/348/348 153/347/347 152/349/349
f 239/350/350 152/349/349 58/351/351
f 240/352/352 233/337/337 234/340/340
f 241/353/353 234/340/340 235/342/342
f 242/354/354 235/342/342 236/344/344
f 243/355/355 236/344/344 237/346/346
f 244/356/356 237/346/346 238/348/348
f 245/357/357 238/348/348 239/350/350
f 246/358/358 239/350/350 146/359/359
f 247/360/360 240/352/352 241/353/353
f 248/361/361 241/353/353 242/354/354
f 249/362/362 242/354/354 243/355/355
f 250/363/363 243/355/355 244/356/356
f 251/364/364 244/356/356 245/357/357
f 252/365/365 245/357/357 246/358/358
f 253/366/366 246/358/358 147/367/367
f 254/368/368 247/360/360 248/361/361
f 255/369/369 248/361/361 249/362/362
f 256/370/370 249/362/362 250/363/363
f 257/371/371 250/363/363 251/364/364
f 258/372/372 251/364/364 252/365/365
f 259/373/373 252/365/365 253/366/366
f 260/374/374 253/366/366 148/375/375
f 261/376/376 254/368/368 255/369/369
f 262/377/377 255/369/369 256/370/370
f 263/378/378 256/370/370 257/371/371
f 264/379/379 257/371/371 258/372/372
f 265/380/380 258/372/372 259/373/373
f 266/381/381 259/373/373 260/374/374
f 267/382/382 260/374/374 149/383/383
f 151/384/384 267/382/382 150/385/385
f 151/384/384 266/381/381 267/382/382
f 151/384/384 265/380/380 266/381/381
f 151/384/384 264/379/379 265/380/380
f 151/384/384 263/378/378 264/379/379
f 151/384/384 262/377/377 263/378/378
f 151/384/384 261/376/376 262/377/377
f 149/383/383 150/385/385 267/382/382
f 260/374/374 267/382/382 266/381/381
f 259/373/373 266/381/381 265/380/380
f 258/372/372 265/380/380 264/379/379
f 257/371/371 264/379/379 263/378/378
f 256/370/370 263/378/378 262/377/377
f 255/369/369 262/377/377 261/376/376
f 148/375/375 149/383/383 260/374/374
f 253/366/366 260/374/374 259/373/373
f 252/365/365 259/373/373 258/372/372
f 251/364/364 258/372/372 257/371/371
f 250/363/363 257/371/371 256/370/370
f 249/362/362 256/370/370 255/369/369
f 248/361/361 255/369/369 254/368/368
f 147/367/367 148/375/375 253/366/366
f 246/358/358 253/366/366 252/365/365
f 245/357/357 252/365/365 251/364/364
f 244/356/356 251/364/364 250/363/363
f 243/355/355 250/363/363 249/362/362
f 242/354/354 249/362/362 248/361/361
f 241/353/353 248/361/361 247/360/360
f 146/359/359 147/367/367 246/358/358
f 239/350/350 246/358/358 245/357/357
f 238/348/348 245/357/357 244/356/356
f 237/346/346 244/356/356 243/355/355
f 236/344/344 243/355/355 242/354/354
f 235/342/342 242/354/354 241/353/353
f 234/340/340 241/353/353 240/352/352
f 58/351/351 146/359/359 239/350/350
f 152/349/349 239/350/350 238/348/348
f 153/347/347 238/348/348 237/346/346
f 154/345/345 237/346/346 236/344/344
f 155/343/343 236/344/344 235/342/342
f 156/341/341 235/342/342 234/340/340
f 157/339/339 234/340/340 233/337/337
f 268/386/386 159/387/387 15/388/388
f 15/388/388 158/389/389 268/386/386
f 268/386/386 158/389/389 233/390/390
f 269/391/391 233/390/390 240/392/392
f 270/393/393 240/392/392 247/394/394
f 271/395/395 247/394/394 254/396/396
f 272/397/397 254/396/396 261/398/398
f 273/399/399 261/398/398 151/400/400
f 151/400/400 274/401/401 273/399/399
f 261/398/398 273/399/399 272/397/397
f 254/396/396 272/397/397 271/395/395
f 247/394/394 271/395/395 270/393/393
f 240/392/392 270/393/393 269/391/391
f 233/390/390 269/391/391 268/386/386
f 159/402/402 268/403/403 275/404/404
f 276/405/405 275/404/404 277/406/406
f 278/407/407 277/406/406 279/408/408
f 280/409/409 279/408/408 281/410/410
f 282/411/411 281/410/410 283/412/412
f 283/412/412 284/413/413 282/411/411
f 281/410/410 282/411/411 280/409/409
f 279/408/408 280/409/409 278/407/407
f 277/406/406 278/407/407 276/405/405
f 275/404/404 276/405/405 159/402/402
f 160/414/414 159/415/415 276/416/416
f 285/417/417 276/416/416 278/418/418
f 286/419/419 278/418/418 280/420/420
f 287/421/421 280/420/420 282/422/422
f 288/423/423 282/422/422 284/424/424
f 161/425/425 160/414/414 285/417/417
f 289/426/426 285/417/417 286/419/419
f 290/427/427 286/419/419 287/421/421
f 291/428/428 287/421/421 288/423/423
f 292/429/429 288/423/423 293/430/430
f 162/431/431 161/425/425 289/426/426
f 294/432/432 289/426/426 290/427/427
f 295/433/433 290/427/427 291/428/428
f 296/434/434 291/428/428 292/429/429
f 297/435/435 292/429/429 298/436/436
f 163/437/437 162/431/431 294/432/432
f 299/438/438 294/432/432 295/433/433
f 300/439/439 295/433/433 296/434/434
f 301/440/440 296/434/434 297/435/435
f 302/441/441 297/435/435 303/442/442
f 164/443/443 163/437/437 299/438/438
f 304/444/444 299/438/438 300/439/439
f 305/445/445 300/439/439 301/440/440
f 306/446/446 301/440/440 302/441/441
f 307/447/447 302/441/441 308/448/448
f 165/449/449 307/447/447 309/450/450
f 165/449/449 306/446/446 307/447/447
f 165/449/449 305/445/445 306/446/446
f 165/449/449 304/444/444 305/445/445
f 165/449/449 164/443/443 304/444/444
f 308/448/448 309/450/450 307/447/447
f 302/441/441 307/447/447 306/446/446
f 301/440/440 306/446/446 305/445/445
f 300/439/439 305/445/445 304/444/444
f 299/438/438 304/444/444 164/443/443
f 303/442/442 308/448/448 302/441/441
f 297/435/435 302/441/441 301/440/440
f 296/434/434 301/440/440 300/439/439
f 295/433/433 300/439/439 299/438/438
f 294/432/432 299/438/438 163/437/437
f 298/436/436 303/442/442 297/435/435
f 292/429/429 297/435/435 296/434/434
f 291/428/428 296/434/434 295/433/433
f 290/427/427 295/433/433 294/432/432
f 289/426/426 294/432/432 162/431/431
f 293/430/430 298/436/436 292/429/429
f 288/423/423 292/429/429 291/428/428
f 287/421/421 291/428/428 290/427/427
f 286/419/419 290/427/427 289/426/426
f 285/417/417 289/426/426 161/425/425
f 284/424/424 293/430/430 288/423/423
f 282/422/422 288/423/423 287/421/421
f 280/420/420 287/421/421 286/419/419
f 278/418/418 286/419/419 285/417/417
f 276/416/416 285/417/417 160/414/414
f 284/451/451 310/452/452 311/453/453
f 293/454/454 311/453/453 312/455/455
f 298/456/456 312/455/455 313/457/457
f 303/458/458 313/457/457 314/459/459
f 308/460/460 314/459/459 315/461/461
f 309/462/462 315/461/461 316/463/463
f 316/463/463 165/464/464 309/462/462
f 315/461/461 309/462/462 308/460/460
f 314/459/459 308/460/460 303/458/458
f 313/457/457 303/458/458 298/456/456
f 312/455/455 298/456/456 293/454/454
f 311/453/453 293/454/454 284/451/451
f 317/465/465 166/466/466 169/467/467
f 318/468/468 169/467/467 172/469/469
f 319/470/470 172/469/469 173/471/471
f 320/472/472 173/471/471 178/473/473
f 321/474/474 178/473/473 94/475/475
f 322/476/476 317/465/465 318/468/468
f 323/477/477 318/468/468 319/470/470
f 324/478/478 319/470/470 320/472/472
f 325/479/479 320/472/472 321/474/474
f 326/480/480 321/474/474 95/481/481
f 327/482/482 322/476/476 323/477/477
f 328/483/483 323/477/477 324/478/478
f 329/484/484 324/478/478 325/479/479
f 330/485/485 325/479/479 326/480/480
f 331/486/486 326/480/480 96/487/487
f 332/488/488 327/482/482 328/483/483
f 333/489/489 328/483/483 329/484/484
f 334/490/490 329/484/484 330/485/485
f 335/491/491 330/485/485 331/486/486
f 336/492/492 331/486/486 97/493/493
f 337/494/494 332/488/488 333/489/489
f 338/495/495 333/489/489 334/490/490
f 339/496/496 334/490/490 335/491/491
f 340/497/497 335/491/491 336/492/492
f 341/498/498 336/492/492 98/499/499
f 100/500/500 341/498/498 99/501/501
f 100/500/500 340/497/497 341/498/498
f 100/500/500 339/496/496 340/497/497
f 100/500/500 338/495/495 339/496/496
f 100/500/500 337/494/494 338/495/495
f 98/499/499 99/501/501 341/498/498
f 336/492/492 341/498/498 340/497/497
f 335/491/491 340/497/497 339/496/496
f 334/490/490 339/496/496 338/495/495
f 333/489/489 338/495/495 337/494/494
f 97/493/493 98/499/499 336/492/492
f 331/486/486 336/492/492 335/491/491
f 330/485/485 335/491/491 334/490/490
f 329/484/484 334/490/490 333/489/489
f 328/483/483 333/489/489 332/488/488
f 96/487/487 97/493/493 331/486/486
f 326/480/480 331/486/486 330/485/485
f 325/479/479 330/485/485 329/484/484
f 324/478/478 329/484/484 328/483/483
f 323/477/477 328/483/483 327/482/482
f 95/481/481 96/487/487 326/480/480
f 321/474/474 326/480/480 325/479/479
f 320/472/472 325/479/479 324/478/478
f 319/470/470 324/478/478 323/477/477
f 318/468/468 323/477/477 322/476/476
f 94/475/475 95/481/481 321/474/474
f 178/473/473 321/474/474 320/472/472
f 173/471/471 320/472/472 319/470/470
f 172/469/469 319/470/470 318/468/468
f 169/467/467 318/468/468 317/465/465
f 166/502/502 342/503/503 232/504/504
f 232/504/504 167/505/505 166/502/502
f 342/503/503 166/502/502 317/506/506
f 343/507/507 317/506/506 322/508/508
f 344/509/509 322/508/508 327/510/510
f 345/511/511 327/510/510 332/512/512
f 346/513/513 332/512/512 337/514/514
f 347/515/515 337/514/514 100/516/516
f 100/516/516 348/517/517 347/515/515
f 337/514/514 347/515/515 346/513/513
f 332/512/512 346/513/513 345/511/511
f 327/510/510 345/511/511 344/509/509
f 322/508/508 344/509/509 343/507/507
f 317/506/506 343/507/507 342/503/503
f 349/518/518 350/519/519 351/520/520
f 352/521/521 351/520/520 353/522/522
f 354/523/523 353/522/522 355/524/524
f 356/525/525 355/524/524 357/526/526
f 358/527/527 357/526/526 359/528/528
f 360/529/529 359/528/528 361/530/530
f 362/531/531 361/530/530 232/532/532
f 232/532/532 342/533/533 362/531/531
f 361/530/530 362/531/531 360/529/529
f 359/528/528 360/529/529 358/527/527
f 357/526/526 358/527/527 356/525/525
f 355/524/524 356/525/525 354/523/523
f 353/522/522 354/523/523 352/521/521
f 351/520/520 352/521/521 349/518/518
f 363/534/534 364/535/535 220/536/536
f 365/537/537 366/538/538 367/539/539
f 367/539/539 363/534/534 365/537/537
f 368/540/540 369/541/541 370/542/542
f 370/542/542 365/537/537 368/540/540
f 368/540/540 371/543/543 372/544/544
f 371/543/543 373/545/545 372/544/544
f 371/543/543 374/546/546 375/547/547
f 374/546/546 376/548/548 375/547/547
f 374/546/546 377/549/549 378/550/550
f 377/549/549 379/551/551 378/550/550
f 379/551/551 377/549/549 380/552/552
f 381/553/553 363/534/534 219/554/554
f 219/554/554 221/555/555 381/553/553
f 365/537/537 363/534/534 381/553/553
f 368/540/540 365/537/537 382/556/556
f 371/543/543 368/540/540 383/557/557
f 374/546/546 371/543/543 384/558/558
f 377/549/549 374/546/546 385/559/559
f 377/549/549 386/560/560 387/561/561
f 388/562/562 381/553/553 223/563/563
f 382/556/556 381/553/553 388/562/562
f 383/557/557 382/556/556 389/564/564
f 384/558/558 383/557/557 390/565/565
f 385/559/559 384/558/558 391/566/566
f 386/560/560 385/559/559 392/567/567
f 386/560/560 393/568/568 394/569/569
f 395/570/570 388/562/562 224/571/571
f 224/571/571 222/572/572 395/570/570
f 389/564/564 388/562/562 395/570/570
f 390/565/565 389/564/564 396/573/573
f 391/566/566 390/565/565 397/574/574
f 392/567/567 391/566/566 398/575/575
f 393/568/568 392/567/567 399/576/576
f 393/568/568 400/577/577 401/578/578
f 402/579/579 395/570/570 225/580/580
f 225/580/580 226/581/581 402/579/579
f 396/573/573 395/570/570 402/579/579
f 397/574/574 396/573/573 403/582/582
f 398/575/575 397/574/574 404/583/583
f 399/576/576 398/575/575 405/584/584
f 400/577/577 399/576/576 406/585/585
f 400/577/577 407/586/586 408/587/587
f 402/579/579 227/588/588 228/589/589
f 228/589/589 409/590/590 402/579/579
f 403/582/582 402/579/579 409/590/590
f 404/583/583 403/582/582 410/591/591
f 405/584/584 404/583/583 411/592/592
f 406/585/585 405/584/584 412/593/593
f 407/586/586 406/585/585 413/594/594
f 407/586/586 414/595/595 415/596/596
f 409/590/590 229/597/597 230/598/598
f 230/598/598 416/599/599 409/590/590
f 410/591/591 409/590/590 416/599/599
f 411/592/592 410/591/591 417/600/600
f 412/593/593 411/592/592 418/601/601
f 413/594/594 412/593/593 419/602/602
f 414/595/595 413/594/594 420/603/603
f 414/595/595 421/604/604 422/605/605
f 361/606/606 416/599/599 231/607/607
f 416/599/599 361/606/606 359/608/608
f 417/600/600 359/608/608 357/609/609
f 418/601/601 357/609/609 355/610/610
f 419/602/602 355/610/610 353/611/611
f 420/603/603 353/611/611 351/612/612
f 421/604/604 351/612/612 350/613/613
f 350/613/613 422/605/605 421/604/604
f 351/612/612 421/604/604 420/603/603
f 353/611/611 420/603/603 419/602/602
f 355/610/610 419/602/602 418/601/601
f 357/609/609 418/601/601 417/600/600
f 359/608/608 417/600/600 416/599/599
f 231/607/607 232/614/614 361/606/606
f 422/605/605 415/596/596 414/595/595
f 420/603/603 421/604/604 414/595/595
f 419/602/602 420/603/603 413/594/594
f 418/601/601 419/602/602 412/593/593
f 417/600/600 418/601/601 411/592/592
f 416/599/599 417/600/600 410/591/591
f 230/598/598 231/607/607 416/599/599
f 415/596/596 408/587/587 407/586/586
f 413/594/594 414/595/595 407/586/586
f 412/593/593 413/594/594 406/585/585
f 411/592/592 412/593/593 405/584/584
f 410/591/591 411/592/592 404/583/583
f 409/590/590 410/591/591 403/582/582
f 228/589/589 229/597/597 409/590/590
f 408/587/587 401/578/578 400/577/577
f 406/585/585 407/586/586 400/577/577
f 405/584/584 406/585/585 399/576/576
f 404/583/583 405/584/584 398/575/575
f 403/582/582 404/583/583 397/574/574
f 402/579/579 403/582/582 396/573/573
f 226/581/581 227/588/588 402/579/579
f 401/578/578 394/569/569 393/568/568
f 399/576/576 400/577/577 393/568/568
f 398/575/575 399/576/576 392/567/567
f 397/574/574 398/575/575 391/566/566
f 396/573/573 397/574/574 390/565/565
f 395/570/570 396/573/573 389/564/564
f 222/572/572 225/580/580 395/570/570
f 394/569/569 387/561/561 386/560/560
f 392/567/567 393/568/568 386/560/560
f 391/566/566 392/567/567 385/559/559
f 390/565/565 391/566/566 384/558/558
f 389/564/564 390/565/565 383/557/557
f 388/562/562 389/564/564 382/556/556
f 223/563/563 224/571/571 388/562/562
f 387/561/561 380/552/552 377/549/549
f 385/559/559 386/560/560 377/549/549
f 384/558/558 385/559/559 374/546/546
f 383/557/557 384/558/558 371/543/543
f 382/556/556 383/557/557 368/540/540
f 381/553/553 382/556/556 365/537/537
f 221/555/555 223/563/563 381/553/553
f 380/552/552 423/615/615 379/551/551
f 378/550/550 376/548/548 374/546/546
f 375/547/547 373/545/545 371/543/543
f 372/544/544 369/541/541 368/540/540
f 370/542/542 366/538/538 365/537/537
f 367/539/539 364/535/535 363/534/534
f 220/536/536 219/554/554 363/534/534
f 424/616/616 378/617/617 379/618/618
f 379/618/618 425/619/619 424/616/616
f 426/620/620 375/621/621 376/622/622
f 376/622/622 424/616/616 426/620/620
f 427/623/623 372/624/624 373/625/625
f 373/625/625 426/620/620 427/623/623
f 428/626/626 370/627/627 369/628/628
f 369/628/628 427/623/623 428/626/626
f 429/629/629 367/630/630 366/631/631
f 366/631/631 428/626/626 429/629/629
f 430/632/632 220/633/633 364/634/634
f 364/634/634 429/629/629 430/632/632
f 364/634/634 367/630/630 429/629/629
f 366/631/631 370/627/627 428/626/626
f 369/628/628 372/624/624 427/623/623
f 373/625/625 375/621/621 426/620/620
f 376/622/622 378/617/617 424/616/616
f 379/618/618 423/635/635 425/619/619
f 431/636/636 283/637/637 281/638/638
f 432/639/639 281/638/638 279/640/640
f 433/641/641 279/640/640 277/642/642
f 434/643/643 277/642/642 275/644/644
f 435/645/645 275/644/644 268/646/646
f 436/647/647 431/636/636 432/639/639
f 437/648/648 432/639/639 433/641/641
f 438/649/649 433/641/641 434/643/643
f 439/650/650 434/643/643 435/645/645
f 440/651/651 435/645/645 269/652/652
f 441/653/653 436/647/647 437/648/648
f 442/654/654 437/648/648 438/649/649
f 443/655/655 438/649/649 439/650/650
f 444/656/656 439/650/650 440/651/651
f 445/657/657 440/651/651 270/658/658
f 446/659/659 441/653/653 442/654/654
f 447/660/660 442/654/654 443/655/655
f 448/661/661 443/655/655 444/656/656
f 449/662/662 444/656/656 445/657/657
f 450/663/663 445/657/657 271/664/664
f 451/665/665 446/659/659 447/660/660
f 452/666/666 447/660/660 448/661/661
f 453/667/667 448/661/661 449/662/662
f 454/668/668 449/662/662 450/663/663
f 455/669/669 450/663/663 272/670/670
f 274/671/671 455/669/669 273/672/672
f 274/671/671 454/668/668 455/669/669
f 274/671/671 453/667/667 454/668/668
f 274/671/671 452/666/666 453/667/667
f 274/671/671 451/665/665 452/666/666
f 272/670/670 273/672/672 455/669/669
f 450/663/663 455/669/669 454/668/668
f 449/662/662 454/668/668 453/667/667
f 448/661/661 453/667/667 452/666/666
f 447/660/660 452/666/666 451/665/665
f 271/664/664 272/670/670 450/663/663
f 445/657/657 450/663/663 449/662/662
f 444/656/656 449/662/662 448/661/661
f 443/655/655 448/661/661 447/660/660
f 442/654/654 447/660/660 446/659/659
f 270/658/658 271/664/664 445/657/657
f 440/651/651 445/657/657 444/656/656
f 439/650/650 444/656/656 443/655/655
f 438/649/649 443/655/655 442/654/654
f 437/648/648 442/654/654 441/653/653
f 269/652/652 270/658/658 440/651/651
f 435/645/645 440/651/651 439/650/650
f 434/643/643 439/650/650 438/649/649
f 433/641/641 438/649/649 437/648/648
f 432/639/639 437/648/648 436/647/647
f 268/646/646 269/652/652 435/645/645
f 275/644/644 435/645/645 434/643/643
f 277/642/642 434/643/643 433/641/641
f 279/640/640 433/641/641 432/639/639
f 281/638/638 432/639/639 431/636/636
f 310/673/673 284/674/674 283/675/675
f 283/675/675 456/676/676 310/673/673
f 311/677/677 310/673/673 457/678/678
f 458/679/679 457/678/678 459/680/680
f 460/681/681 459/680/680 461/682/682
f 462/683/683 461/682/682 463/684/684
f 464/685/685 463/684/684 465/686/686
f 312/687/687 311/677/677 458/679/679
f 466/688/688 458/679/679 460/681/681
f 467/689/689 460/681/681 462/683/683
f 468/690/690 462/683/683 464/685/685
f 469/691/691 464/685/685 470/692/692
f 313/693/693 312/687/687 466/688/688
f 471/694/694 466/688/688 467/689/689
f 472/695/695 467/689/689 468/690/690
f 473/696/696 468/690/690 469/691/691
f 474/697/697 469/691/691 475/698/698
f 314/699/699 313/693/693 471/694/694
f 476/700/700 471/694/694 472/695/695
f 477/701/701 472/695/695 473/696/696
f 478/702/702 473/696/696 474/697/697
f 479/703/703 474/697/697 480/704/704
f 315/705/705 314/699/699 476/700/700
f 481/706/706 476/700/700 477/701/701
f 482/707/707 477/701/701 478/702/702
f 483/708/708 478/702/702 479/703/703
f 484/709/709 479/703/703 485/710/710
f 316/711/711 315/705/705 481/706/706
f 486/712/712 481/706/706 482/707/707
f 487/713/713 482/707/707 483/708/708
f 488/714/714 483/708/708 484/709/709
f 489/715/715 484/709/709 490/716/716
f 490/716/716 491/717/717 489/715/715
f 484/709/709 489/715/715 488/714/714
f 483/708/708 488/714/714 487/713/713
f 482/707/707 487/713/713 486/712/712
f 481/706/706 486/712/712 316/711/711
f 485/710/710 490/716/716 484/709/709
f 479/703/703 484/709/709 483/708/708
f 478/702/702 483/708/708 482/707/707
f 477/701/701 482/707/707 481/706/706
f 476/700/700 481/706/706 315/705/705
f 480/704/704 485/710/710 479/703/703
f 474/697/697 479/703/703 478/702/702
f 473/696/696 478/702/702 477/701/701
f 472/695/695 477/701/701 476/700/700
f 471/694/694 476/700/700 314/699/699
f 475/698/698 480/704/704 474/697/697
f 469/691/691 474/697/697 473/696/696
f 468/690/690 473/696/696 472/695/695
f 467/689/689 472/695/695 471/694/694
f 466/688/688 471/694/694 313/693/693
f 470/692/692 475/698/698 469/691/691
f 464/685/685 469/691/691 468/690/690
f 462/683/683 468/690/690 467/689/689
f 460/681/681 467/689/689 466/688/688
f 458/679/679 466/688/688 312/687/687
f 465/686/686 470/692/692 464/685/685
f 463/684/684 464/685/685 462/683/683
f 461/682/682 462/683/683 460/681/681
f 459/680/680 460/681/681 458/679/679
f 457/678/678 458/679/679 311/677/677
f 456/718/718 283/719/719 431/720/720
f 492/721/721 431/720/720 436/722/722
f 493/723/723 436/722/722 441/724/724
f 494/725/725 441/724/724 446/726/726
f 495/727/727 446/726/726 451/728/728
f 496/729/729 451/728/728 274/730/730
f 274/730/730 497/731/731 496/729/729
f 451/728/728 496/729/729 495/727/727
f 446/726/726 495/727/727 494/725/725
f 441/724/724 494/725/725 493/723/723
f 436/722/722 493/723/723 492/721/721
f 431/720/720 492/721/721 456/718/718
f 498/732/732 499/733/733 465/734/734
f 500/735/735 498/732/732 463/736/736
f 501/737/737 500/735/735 461/738/738
f 502/739/739 501/737/737 459/740/740
f 456/741/741 502/739/739 457/742/742
f 457/742/742 310/743/743 456/741/741
f 459/740/740 457/742/742 502/739/739
f 461/738/738 459/740/740 501/737/737
f 463/736/736 461/738/738 500/735/735
f 465/734/734 463/736/736 498/732/732
f 465/744/744 503/745/745 504/746/746
f 470/747/747 504/746/746 505/748/748
f 475/749/749 505/748/748 506/750/750
f 480/751/751 506/750/750 507/752/752
f 485/753/753 507/752/752 508/754/754
f 490/755/755 508/754/754 509/756/756
f 509/756/756 491/757/757 490/755/755
f 508/754/754 490/755/755 485/753/753
f 507/752/752 485/753/753 480/751/751
f 506/750/750 480/751/751 475/749/749
f 505/748/748 475/749/749 470/747/747
f 504/746/746 470/747/747 465/744/744
f 496/758/758 497/759/759 510/760/760
f 511/761/761 510/760/760 512/762/762
f 513/763/763 512/762/762 514/764/764
f 515/765/765 514/764/764 516/766/766
f 517/767/767 516/766/766 518/768/768
f 495/769/769 496/758/758 511/761/761
f 519/770/770 511/761/761 513/763/763
f 520/771/771 513/763/763 515/765/765
f 521/772/772 515/765/765 517/767/767
f 522/773/773 517/767/767 523/774/774
f 494/775/775 495/769/769 519/770/770
f 524/776/776 519/770/770 520/771/771
f 525/777/777 520/771/771 521/772/772
f 526/778/778 521/772/772 522/773/773
f 527/779/779 522/773/773 528/780/780
f 493/781/781 494/775/775 524/776/776
f 529/782/782 524/776/776 525/777/777
f 530/783/783 525/777/777 526/778/778
f 531/784/784 526/778/778 527/779/779
f 532/785/785 527/779/779 533/786/786
f 492/787/787 493/781/781 529/782/782
f 534/788/788 529/782/782 530/783/783
f 535/789/789 530/783/783 531/784/784
f 536/790/790 531/784/784 532/785/785
f 537/791/791 532/785/785 538/792/792
f 456/793/793 492/787/787 534/788/788
f 502/794/794 534/788/788 535/789/789
f 501/795/795 535/789/789 536/790/790
f 500/796/796 536/790/790 537/791/791
f 498/797/797 537/791/791 539/798/798
f 539/798/798 499/799/799 498/797/797
f 537/791/791 498/797/797 500/796/796
f 536/790/790 500/796/796 501/795/795
f 535/789/789 501/795/795 502/794/794
f 534/788/788 502/794/794 456/793/793
f 538/792/792 539/798/798 537/791/791
f 532/785/785 537/791/791 536/790/790
f 531/784/784 536/790/790 535/789/789
f 530/783/783 535/789/789 534/788/788
f 529/782/782 534/788/788 492/787/787
f 533/786/786 538/792/792 532/785/785
f 527/779/779 532/785/785 531/784/784
f 526/778/778 531/784/784 530/783/783
f 525/777/777 530/783/783 529/782/782
f 524/776/776 529/782/782 493/781/781
f 528/780/780 533/786/786 527/779/779
f 522/773/773 527/779/779 526/778/778
f 521/772/772 526/778/778 525/777/777
f 520/771/771 525/777/777 524/776/776
f 519/770/770 524/776/776 494/775/775
f 523/774/774 528/780/780 522/773/773
f 517/767/767 522/773/773 521/772/772
f 515/765/765 521/772/772 520/771/771
f 513/763/763 520/771/771 519/770/770
f 511/761/761 519/770/770 495/769/769
f 518/768/768 523/774/774 517/767/767
f 516/766/766 517/767/767 515/765/765
f 514/764/764 515/765/765 513/763/763
f 512/762/762 513/763/763 511/761/761
f 510/760/760 511/761/761 496/758/758
f 540/800/800 503/801/801 465/802/802
f 465/802/802 499/799/799 540/800/800
f 504/803/803 503/801/801 541/804/804
f 542/805/805 541/804/804 543/806/806
f 544/807/807 543/806/806 545/808/808
f 546/809/809 545/808/808 547/810/810
f 548/811/811 547/810/810 549/812/812
f 505/813/813 504/803/803 542/805/805
f 550/814/814 542/805/805 544/807/807
f 551/815/815 544/807/807 546/809/809
f 552/816/816 546/809/809 548/811/811
f 553/817/817 548/811/811 554/818/818
f 506/819/819 505/813/813 550/814/814
f 555/820/820 550/814/814 551/815/815
f 556/821/821 551/815/815 552/816/816
f 557/822/822 552/816/816 553/817/817
f 558/823/823 553/817/817 559/824/824
f 507/825/825 506/819/819 555/820/820
f 560/826/826 555/820/820 556/821/821
f 561/827/827 556/821/821 557/822/822
f 562/828/828 557/822/822 558/823/823
f 563/829/829 558/823/823 564/830/830
f 508/831/831 507/825/825 560/826/826
f 565/832/832 560/826/826 561/827/827
f 566/833/833 561/827/827 562/828/828
f 567/834/834 562/828/828 563/829/829
f 568/835/835 563/829/829 569/836/836
f 509/837/837 508/831/831 565/832/832
f 570/838/838 565/832/832 566/833/833
f 571/839/839 566/833/833 567/834/834
f 572/840/840 567/834/834 568/835/835
f 573/841/841 568/835/835 574/842/842
f 574/842/842 575/843/843 573/841/841
f 568/835/835 573/841/841 572/840/840
f 567/834/834 572/840/840 571/839/839
f 566/833/833 571/839/839 570/838/838
f 565/832/832 570/838/838 509/837/837
f 569/836/836 574/842/842 568/835/835
f 563/829/829 568/835/835 567/834/834
f 562/828/828 567/834/834 566/833/833
f 561/827/827 566/833/833 565/832/832
f 560/826/826 565/832/832 508/831/831
f 564/830/830 569/836/836 563/829/829
f 558/823/823 563/829/829 562/828/828
f 557/822/822 562/828/828 561/827/827
f 556/821/821 561/827/827 560/826/826
f 555/820/820 560/826/826 507/825/825
f 559/824/824 564/830/830 558/823/823
f 553/817/817 558/823/823 557/822/822
f 552/816/816 557/822/822 556/821/821
f 551/815/815 556/821/821 555/820/820
f 550/814/814 555/820/820 506/819/819
f 554/818/818 559/824/824 553/817/817
f 548/811/811 553/817/817 552/816/816
f 546/809/809 552/816/816 551/815/815
f 544/807/807 551/815/815 550/814/814
f 542/805/805 550/814/814 505/813/813
f 549/812/812 554/818/818 548/811/811
f 547/810/810 548/811/811 546/809/809
f 545/808/808 546/809/809 544/807/807
f 543/806/806 544/807/807 542/805/805
f 541/804/804 542/805/805 504/803/803
f 540/844/844 499/845/845 539/846/846
f 576/847/847 539/846/846 538/848/848
f 577/849/849 538/848/848 533/850/850
f 578/851/851 533/850/850 528/852/852
f 579/853/853 528/852/852 523/854/854
f 580/855/855 523/854/854 518/856/856
f 518/856/856 581/857/857 580/855/855
f 523/854/854 580/855/855 579/853/853
f 528/852/852 579/853/853 578/851/851
f 533/850/850 578/851/851 577/849/849
f 538/848/848 577/849/849 576/847/847
f 539/846/846 576/847/847 540/844/844
f 582/858/858 583/859/859 549/860/860
f 584/861/861 582/858/858 547/862/862
f 585/863/863 584/861/861 545/864/864
f 586/865/865 585/863/863 543/866/866
f 540/867/867 586/865/865 541/868/868
f 541/868/868 503/869/869 540/867/867
f 543/866/866 541/868/868 586/865/865
f 545/864/864 543/866/866 585/863/863
f 547/862/862 545/864/864 584/861/861
f 549/860/860 547/862/862 582/858/858
f 549/870/870 587/871/871 588/872/872
f 554/873/873 588/872/872 589/874/874
f 559/875/875 589/874/874 590/876/876
f 564/877/877 590/876/876 591/878/878
f 569/879/879 591/878/878 592/880/880
f 574/881/881 592/880/880 593/882/882
f 593/882/882 575/883/883 574/881/881
f 592/880/880 574/881/881 569/879/879
f 591/878/878 569/879/879 564/877/877
f 590/876/876 564/877/877 559/875/875
f 589/874/874 559/875/875 554/873/873
f 588/872/872 554/873/873 549/870/870
f 580/884/884 581/885/885 594/886/886
f 595/887/887 594/886/886 596/888/888
f 597/889/889 596/888/888 598/890/890
f 599/891/891 598/890/890 600/892/892
f 601/893/893 600/892/892 602/894/894
f 579/895/895 580/884/884 595/887/887
f 603/896/896 595/887/887 597/889/889
f 604/897/897 597/889/889 599/891/891
f 605/898/898 599/891/891 601/893/893
f 606/899/899 601/893/893 607/900/900
f 578/901/901 579/895/895 603/896/896
f 608/902/902 603/896/896 604/897/897
f 609/903/903 604/897/897 605/898/898
f 610/904/904 605/898/898 606/899/899
f 611/905/905 606/899/899 612/906/906
f 577/907/907 578/901/901 608/902/902
f 613/908/908 608/902/902 609/903/903
f 614/909/909 609/903/903 610/904/904
f 615/910/910 610/904/904 611/905/905
f 616/911/911 611/905/905 617/912/912
f 576/913/913 577/907/907 613/908/908
f 618/914/914 613/908/908 614/909/909
f 619/915/915 614/909/909 615/910/910
f 620/916/916 615/910/910 616/911/911
f 621/917/917 616/911/911 622/918/918
f 540/919/919 576/913/913 618/914/914
f 586/920/920 618/914/914 619/915/915
f 585/921/921 619/915/915 620/916/916
f 584/922/922 620/916/916 621/917/917
f 582/923/923 621/917/917 623/924/924
f 623/924/924 583/925/925 582/923/923
f 621/917/917 582/923/923 584/922/922
f 620/916/916 584/922/922 585/921/921
f 619/915/915 585/921/921 586/920/920
f 618/914/914 586/920/920 540/919/919
f 622/918/918 623/924/924 621/917/917
f 616/911/911 621/917/917 620/916/916
f 615/910/910 620/916/916 619/915/915
f 614/909/909 619/915/915 618/914/914
f 613/908/908 618/914/914 576/913/913
f 617/912/912 622/918/918 616/911/911
f 611/905/905 616/911/911 615/910/910
f 610/904/904 615/910/910 614/909/909
f 609/903/903 614/909/909 613/908/908
f 608/902/902 613/908/908 577/907/907
f 612/906/906 617/912/912 611/905/905
f 606/899/899 611/905/905 610/904/904
f 605/898/898 610/904/904 609/903/903
f 604/897/897 609/903/903 608/902/902
f 603/896/896 608/902/902 578/901/901
f 607/900/900 612/906/906 606/899/899
f 601/893/893 606/899/899 605/898/898
f 599/891/891 605/898/898 604/897/897
f 597/889/889 604/897/897 603/896/896
f 595/887/887 603/896/896 579/895/895
f 602/894/894 607/900/900 601/893/893
f 600/892/892 601/893/893 599/891/891
f 598/890/890 599/891/891 597/889/889
f 596/888/888 597/889/889 595/887/887
f 594/886/886 595/887/887 580/884/884
f 624/926/926 583/925/925 623/924/924
f 625/927/927 623/924/924 622/928/928
f 626/929/929 622/928/928 617/930/930
f 627/931/931 617/930/930 612/932/932
f 628/933/933 612/932/932 607/934/934
f 629/935/935 607/934/934 602/936/936
f 602/936/936 430/937/937 629/935/935
f 607/934/934 629/935/935 628/933/933
f 612/932/932 628/933/933 627/931/931
f 617/930/930 627/931/931 626/929/929
f 622/928/928 626/929/929 625/927/927
f 623/924/924 625/927/927 624/926/926
f 587/938/938 549/939/939 583/940/940
f 583/940/940 624/941/941 587/938/938
f 587/938/938 624/941/941 630/942/942
f 631/943/943 630/942/942 632/944/944
f 633/945/945 632/944/944 634/946/946
f 635/947/947 634/946/946 636/948/948
f 637/949/949 636/948/948 425/950/950
f 425/950/950 638/951/951 637/949/949
f 636/948/948 637/949/949 635/947/947
f 634/946/946 635/947/947 633/945/945
f 632/944/944 633/945/945 631/943/943
f 630/942/942 631/943/943 587/938/938
f 424/952/952 425/950/950 636/953/953
f 639/954/954 636/953/953 634/955/955
f 640/956/956 634/955/955 632/957/957
f 641/958/958 632/957/957 630/959/959
f 642/960/960 630/959/959 624/961/961
f 426/962/962 424/952/952 639/954/954
f 643/963/963 639/954/954 640/956/956
f 644/964/964 640/956/956 641/958/958
f 645/965/965 641/958/958 642/960/960
f 646/966/966 642/960/960 625/967/967
f 427/968/968 426/962/962 643/963/963
f 647/969/969 643/963/963 644/964/964
f 648/970/970 644/964/964 645/965/965
f 649/971/971 645/965/965 646/966/966
f 650/972/972 646/966/966 626/973/973
f 428/974/974 427/968/968 647/969/969
f 651/975/975 647/969/969 648/970/970
f 652/976/976 648/970/970 649/971/971
f 653/977/977 649/971/971 650/972/972
f 654/978/978 650/972/972 627/979/979
f 429/980/980 428/974/974 651/975/975
f 655/981/981 651/975/975 652/976/976
f 656/982/982 652/976/976 653/977/977
f 657/983/983 653/977/977 654/978/978
f 658/984/984 654/978/978 628/985/985
f 430/986/986 658/984/984 629/987/987
f 430/986/986 657/983/983 658/984/984
f 430/986/986 656/982/982 657/983/983
f 430/986/986 655/981/981 656/982/982
f 430/986/986 429/980/980 655/981/981
f 628/985/985 629/987/987 658/984/984
f 654/978/978 658/984/984 657/983/983
f 653/977/977 657/983/983 656/982/982
f 652/976/976 656/982/982 655/981/981
f 651/975/975 655/981/981 429/980/980
f 627/979/979 628/985/985 654/978/978
f 650/972/972 654/978/978 653/977/977
f 649/971/971 653/977/977 652/976/976
f 648/970/970 652/976/976 651/975/975
f 647/969/969 651/975/975 428/974/974
f 626/973/973 627/979/979 650/972/972
f 646/966/966 650/972/972 649/971/971
f 645/965/965 649/971/971 648/970/970
f 644/964/964 648/970/970 647/969/969
f 643/963/963 647/969/969 427/968/968
f 625/967/967 626/973/973 646/966/966
f 642/960/960 646/966/966 645/965/965
f 641/958/958 645/965/965 644/964/964
f 640/956/956 644/964/964 643/963/963
f 639/954/954 643/963/963 426/962/962
f 624/961/961 625/967/967 642/960/960
f 630/959/959 642/960/960 641/958/958
f 632/957/957 641/958/958 640/956/956
f 634/955/955 640/956/956 639/954/954
f 636/953/953 639/954/954 424/952/952
f 422/988/988 401/989/989 408/990/990
f 408/990/990 415/991/991 422/988/988
f 350/992/992 423/993/993 380/994/994
f 350/992/992 394/995/995 401/989/989
f 380/994/994 387/996/996 350/992/992
f 387/996/996 394/995/995 350/992/992
f 422/988/988 350/992/992 401/989/989
f 638/997/997 425/998/998 423/993/993
f 423/993/993 349/999/999 638/997/997
f 350/992/992 349/999/999 423/993/993
f 638/997/997 349/999/999 659/1000/1000
f 660/1001/1001 659/1000/1000 661/1002/1002
f 662/1003/1003 661/1002/1002 663/1004/1004
f 664/1005/1005 663/1004/1004 665/1006/1006
f 666/1007/1007 665/1006/1006 667/1008/1008
f 668/1009/1009 667/1008/1008 348/1010/1010
f 348/1010/1010 593/1011/1011 668/1009/1009
f 667/1008/1008 668/1009/1009 666/1007/1007
f 665/1006/1006 666/1007/1007 664/1005/1005
f 663/1004/1004 664/1005/1005 662/1003/1003
f 661/1002/1002 662/1003/1003 660/1001/1001
f 659/1000/1000 660/1001/1001 638/997/997
f 659/1012/1012 349/1013/1013 352/1014/1014
f 669/1015/1015 352/1014/1014 354/1016/1016
f 670/1017/1017 354/1016/1016 356/1018/1018
f 671/1019/1019 356/1018/1018 358/1020/1020
f 672/1021/1021 358/1020/1020 360/1022/1022
f 673/1023/1023 360/1022/1022 362/1024/1024
f 674/1025/1025 362/1024/1024 342/1026/1026
f 661/1027/1027 659/1012/1012 669/1015/1015
f 675/1028/1028 669/1015/1015 670/1017/1017
f 676/1029/1029 670/1017/1017 671/1019/1019
f 677/1030/1030 671/1019/1019 672/1021/1021
f 678/1031/1031 672/1021/1021 673/1023/1023
f 679/1032/1032 673/1023/1023 674/1025/1025
f 680/1033/1033 674/1025/1025 343/1034/1034
f 663/1035/1035 661/1027/1027 675/1028/1028
f 681/1036/1036 675/1028/1028 676/1029/1029
f 682/1037/1037 676/1029/1029 677/1030/1030
f 683/1038/1038 677/1030/1030 678/1031/1031
f 684/1039/1039 678/1031/1031 679/1032/1032
f 685/1040/1040 679/1032/1032 680/1033/1033
f 686/1041/1041 680/1033/1033 344/1042/1042
f 665/1043/1043 663/1035/1035 681/1036/1036
f 687/1044/1044 681/1036/1036 682/1037/1037
f 688/1045/1045 682/1037/1037 683/1038/1038
f 689/1046/1046 683/1038/1038 684/1039/1039
f 690/1047/1047 684/1039/1039 685/1040/1040
f 691/1048/1048 685/1040/1040 686/1041/1041
f 692/1049/1049 686/1041/1041 345/1050/1050
f 667/1051/1051 665/1043/1043 687/1044/1044
f 693/1052/1052 687/1044/1044 688/1045/1045
f 694/1053/1053 688/1045/1045 689/1046/1046
f 695/1054/1054 689/1046/1046 690/1047/1047
f 696/1055/1055 690/1047/1047 691/1048/1048
f 697/1056/1056 691/1048/1048 692/1049/1049
f 698/1057/1057 692/1049/1049 346/1058/1058
f 348/1059/1059 698/1057/1057 347/1060/1060
f 348/1059/1059 697/1056/1056 698/1057/1057
f 348/1059/1059 696/1055/1055 697/1056/1056
f 348/1059/1059 695/1054/1054 696/1055/1055
f 348/1059/1059 694/1053/1053 695/1054/1054
f 348/1059/1059 693/1052/1052 694/1053/1053
f 348/1059/1059 667/1051/1051 693/1052/1052
f 346/1058/1058 347/1060/1060 698/1057/1057
f 692/1049/1049 698/1057/1057 697/1056/1056
f 691/1048/1048 697/1056/1056 696/1055/1055
f 690/1047/1047 696/1055/1055 695/1054/1054
f 689/1046/1046 695/1054/1054 694/1053/1053
f 688/1045/1045 694/1053/1053 693/1052/1052
f 687/1044/1044 693/1052/1052 667/1051/1051
f 345/1050/1050 346/1058/1058 692/1049/1049
f 686/1041/1041 692/1049/1049 691/1048/1048
f 685/1040/1040 691/1048/1048 690/1047/1047
f 684/1039/1039 690/1047/1047 689/1046/1046
f 683/1038/1038 689/1046/1046 688/1045/1045
f 682/1037/1037 688/1045/1045 687/1044/1044
f 681/1036/1036 687/1044/1044 665/1043/1043
f 344/1042/1042 345/1050/1050 686/1041/1041
f 680/1033/1033 686/1041/1041 685/1040/1040
f 679/1032/1032 685/1040/1040 684/1039/1039
f 678/1031/1031 684/1039/1039 683/1038/1038
f 677/1030/1030 683/1038/1038 682/1037/1037
f 676/1029/1029 682/1037/1037 681/1036/1036
f 675/1028/1028 681/1036/1036 663/1035/1035
f 343/1034/1034 344/1042/1042 680/1033/1033
f 674/1025/1025 680/1033/1033 679/1032/1032
f 673/1023/1023 679/1032/1032 678/1031/1031
f 672/1021/1021 678/1031/1031 677/1030/1030
f 671/1019/1019 677/1030/1030 676/1029/1029
f 670/1017/1017 676/1029/1029 675/1028/1028
f 669/1015/1015 675/1028/1028 661/1027/1027
f 342/1026/1026 343/1034/1034 674/1025/1025
f 362/1024/1024 674/1025/1025 673/1023/1023
f 360/1022/1022 673/1023/1023 672/1021/1021
f 358/1020/1020 672/1021/1021 671/1019/1019
f 356/1018/1018 671/1019/1019 670/1017/1017
f 354/1016/1016 670/1017/1017 669/1015/1015
f 352/1014/1014 669/1015/1015 659/1012/1012
f 588/1061/1061 587/1062/1062 631/1063/1063
f 699/1064/1064 631/1063/1063 633/1065/1065
f 700/1066/1066 633/1065/1065 635/1067/1067
f 701/1068/1068 635/1067/1067 637/1069/1069
f 702/1070/1070 637/1069/1069 638/1071/1071
f 589/1072/1072 588/1061/1061 699/1064/1064
f 703/1073/1073 699/1064/1064 700/1066/1066
f 704/1074/1074 700/1066/1066 701/1068/1068
f 705/1075/1075 701/1068/1068 702/1070/1070
f 706/1076/1076 702/1070/1070 660/1077/1077
f 590/1078/1078 589/1072/1072 703/1073/1073
f 707/1079/1079 703/1073/1073 704/1074/1074
f 708/1080/1080 704/1074/1074 705/1075/1075
f 709/1081/1081 705/1075/1075 706/1076/1076
f 710/1082/1082 706/1076/1076 662/1083/1083
f 591/1084/1084 590/1078/1078 707/1079/1079
f 711/1085/1085 707/1079/1079 708/1080/1080
f 712/1086/1086 708/1080/1080 709/1081/1081
f 713/1087/1087 709/1081/1081 710/1082/1082
f 714/1088/1088 710/1082/1082 664/1089/1089
f 592/1090/1090 591/1084/1084 711/1085/1085
f 715/1091/1091 711/1085/1085 712/1086/1086
f 716/1092/1092 712/1086/1086 713/1087/1087
f 717/1093/1093 713/1087/1087 714/1088/1088
f 718/1094/1094 714/1088/1088 666/1095/1095
f 593/1096/1096 718/1094/1094 668/1097/1097
f 593/1096/1096 717/1093/1093 718/1094/1094
f 593/1096/1096 716/1092/1092 717/1093/1093
f 593/1096/1096 715/1091/1091 716/1092/1092
f 593/1096/1096 592/1090/1090 715/1091/1091
f 666/1095/1095 668/1097/1097 718/1094/1094
f 714/1088/1088 718/1094/1094 717/1093/1093
f 713/1087/1087 717/1093/1093 716/1092/1092
f 712/1086/1086 716/1092/1092 715/1091/1091
f 711/1085/1085 715/1091/1091 592/1090/1090
f 664/1089/1089 666/1095/1095 714/1088/1088
f 710/1082/1082 714/1088/1088 713/1087/1087
f 709/1081/1081 713/1087/1087 712/1086/1086
f 708/1080/1080 712/1086/1086 711/1085/1085
f 707/1079/1079 711/1085/1085 591/1084/1084
f 662/1083/1083 664/1089/1089 710/1082/1082
f 706/1076/1076 710/1082/1082 709/1081/1081
f 705/1075/1075 709/1081/1081 708/1080/1080
f 704/1074/1074 708/1080/1080 707/1079/1079
f 703/1073/1073 707/1079/1079 590/1078/1078
f 660/1077/1077 662/1083/1083 706/1076/1076
f 702/1070/1070 706/1076/1076 705/1075/1075
f 701/1068/1068 705/1075/1075 704/1074/1074
f 700/1066/1066 704/1074/1074 703/1073/1073
f 699/1064/1064 703/1073/1073 589/1072/1072
f 638/1071/1071 660/1077/1077 702/1070/1070
f 637/1069/1069 702/1070/1070 701/1068/1068
f 635/1067/1067 701/1068/1068 700/1066/1066
f 633/1065/1065 700/1066/1066 699/1064/1064
f 631/1063/1063 699/1064/1064 588/1061/1061
f 100/1098/1098 56/1099/1099 719/1100/1100
f 56/1099/1099 720/1101/1101 721/1102/1102
f 48/1103/1103 722/1104/1104 720/1101/1101
f 509/1105/1105 723/1106/1106 724/1107/1107
f 56/1099/1099 725/1108/1108 719/1100/1100
f 720/1101/1101 56/1099/1099 48/1103/1103
f 509/1105/1105 726/1109/1109 723/1106/1106
f 719/1100/1100 727/1110/1110 100/1098/1098
f 721/1102/1102 728/1111/1111 56/1099/1099
f 724/1107/1107 491/1112/1112 509/1105/1105
f 348/1113/1113 573/1114/1114 575/1115/1115
f 729/1116/1116 572/1117/1117 573/1114/1114
f 56/1099/1099 730/1118/1118 725/1108/1108
f 728/1111/1111 731/1119/1119 56/1099/1099
f 509/1105/1105 732/1120/1120 726/1109/1109
f 573/1114/1114 348/1113/1113 729/1116/1116
f 570/1121/1121 729/1116/1116 733/1122/1122
f 100/1098/1098 734/1123/1123 735/1124/1124
f 731/1119/1119 730/1118/1118 56/1099/1099
f 736/1125/1125 487/1126/1126 488/1127/1127
f 736/1125/1125 316/1128/1128 486/1129/1129
f 509/1105/1105 737/1130/1130 732/1120/1120
f 509/1105/1105 733/1122/1122 738/1131/1131
f 729/1116/1116 571/1132/1132 572/1117/1117
f 733/1122/1122 509/1105/1105 570/1121/1121
f 100/1098/1098 739/1133/1133 734/1123/1123
f 100/1098/1098 740/1134/1134 741/1135/1135
f 727/1110/1110 742/1136/1136 100/1098/1098
f 743/1137/1137 48/1103/1103 316/1128/1128
f 736/1125/1125 489/1138/1138 491/1112/1112
f 486/1129/1129 487/1126/1126 736/1125/1125
f 738/1131/1131 737/1130/1130 509/1105/1105
f 570/1121/1121 571/1132/1132 729/1116/1116
f 735/1124/1124 348/1113/1113 100/1098/1098
f 742/1136/1136 740/1134/1134 100/1098/1098
f 48/1103/1103 165/1139/1139 316/1128/1128
f 488/1127/1127 489/1138/1138 736/1125/1125
f 575/1115/1115 593/1096/1096 348/1113/1113
f 741/1135/1135 739/1133/1133 100/1098/1098
f 48/1103/1103 744/1140/1140 745/1141/1141
f 316/1128/1128 736/1125/1125 743/1137/1137
f 724/1107/1107 746/1142/1142 491/1112/1112
f 745/1141/1141 722/1104/1104 48/1103/1103
f 491/1112/1112 746/1142/1142 736/1125/1125
f 743/1137/1137 744/1140/1140 48/1103/1103
f 735/1124/1124 729/1116/1116 348/1113/1113
f 747/1143/1143 748/1144/1144 749/1145/1145
f 750/1146/1146 749/1145/1145 751/1147/1147
f 752/1148/1148 751/1147/1147 753/1149/1149
f 754/1150/1150 753/1149/1149 755/1151/1151
f 756/1152/1152 755/1151/1151 757/1153/1153
f 758/1154/1154 757/1153/1153 724/1155/1155
f 724/1155/1155 723/1156/1156 758/1154/1154
f 757/1153/1153 758/1154/1154 756/1152/1152
f 755/1151/1151 756/1152/1152 754/1150/1150
f 753/1149/1149 754/1150/1150 752/1148/1148
f 751/1147/1147 752/1148/1148 750/1146/1146
f 749/1145/1145 750/1146/1146 747/1143/1143
f 749/1157/1157 748/1158/1158 759/1159/1159
f 760/1160/1160 759/1159/1159 761/1161/1161
f 762/1162/1162 761/1161/1161 763/1163/1163
f 764/1164/1164 763/1163/1163 765/1165/1165
f 766/1166/1166 765/1165/1165 767/1167/1167
f 768/1168/1168 767/1167/1167 769/1169/1169
f 770/1170/1170 769/1169/1169 771/1171/1171
f 751/1172/1172 749/1157/1157 760/1160/1160
f 772/1173/1173 760/1160/1160 762/1162/1162
f 773/1174/1174 762/1162/1162 764/1164/1164
f 774/1175/1175 764/1164/1164 766/1166/1166
f 775/1176/1176 766/1166/1166 768/1168/1168
f 776/1177/1177 768/1168/1168 770/1170/1170
f 777/1178/1178 770/1170/1170 778/1179/1179
f 753/1180/1180 751/1172/1172 772/1173/1173
f 779/1181/1181 772/1173/1173 773/1174/1174
f 780/1182/1182 773/1174/1174 774/1175/1175
f 781/1183/1183 774/1175/1175 775/1176/1176
f 782/1184/1184 775/1176/1176 776/1177/1177
f 783/1185/1185 776/1177/1177 777/1178/1178
f 784/1186/1186 777/1178/1178 785/1187/1187
f 755/1188/1188 753/1180/1180 779/1181/1181
f 786/1189/1189 779/1181/1181 780/1182/1182
f 787/1190/1190 780/1182/1182 781/1183/1183
f 788/1191/1191 781/1183/1183 782/1184/1184
f 789/1192/1192 782/1184/1184 783/1185/1185
f 790/1193/1193 783/1185/1185 784/1186/1186
f 791/1194/1194 784/1186/1186 792/1195/1195
f 757/1196/1196 755/1188/1188 786/1189/1189
f 793/1197/1197 786/1189/1189 787/1190/1190
f 794/1198/1198 787/1190/1190 788/1191/1191
f 795/1199/1199 788/1191/1191 789/1192/1192
f 796/1200/1200 789/1192/1192 790/1193/1193
f 797/1201/1201 790/1193/1193 791/1194/1194
f 798/1202/1202 791/1194/1194 799/1203/1203
f 724/1204/1204 757/1196/1196 793/1197/1197
f 746/1205/1205 793/1197/1197 794/1198/1198
f 736/1206/1206 794/1198/1198 795/1199/1199
f 743/1207/1207 795/1199/1199 796/1200/1200
f 744/1208/1208 796/1200/1200 797/1201/1201
f 745/1209/1209 797/1201/1201 798/1202/1202
f 722/1210/1210 798/1202/1202 800/1211/1211
f 800/1211/1211 720/1212/1212 722/1210/1210
f 798/1202/1202 722/1210/1210 745/1209/1209
f 797/1201/1201 745/1209/1209 744/1208/1208
f 796/1200/1200 744/1208/1208 743/1207/1207
f 795/1199/1199 743/1207/1207 736/1206/1206
f 794/1198/1198 736/1206/1206 746/1205/1205
f 793/1197/1197 746/1205/1205 724/1204/1204
f 799/1203/1203 800/1211/1211 798/1202/1202
f 791/1194/1194 798/1202/1202 797/1201/1201
f 790/1193/1193 797/1201/1201 796/1200/1200
f 789/1192/1192 796/1200/1200 795/1199/1199
f 788/1191/1191 795/1199/1199 794/1198/1198
f 787/1190/1190 794/1198/1198 793/1197/1197
f 786/1189/1189 793/1197/1197 757/1196/1196
f 792/1195/1195 799/1203/1203 791/1194/1194
f 784/1186/1186 791/1194/1194 790/1193/1193
f 783/1185/1185 790/1193/1193 789/1192/1192
f 782/1184/1184 789/1192/1192 788/1191/1191
f 781/1183/1183 788/1191/1191 787/1190/1190
f 780/1182/1182 787/1190/1190 786/1189/1189
f 779/1181/1181 786/1189/1189 755/1188/1188
f 785/1187/1187 792/1195/1195 784/1186/1186
f 777/1178/1178 784/1186/1186 783/1185/1185
f 776/1177/1177 783/1185/1185 782/1184/1184
f 775/1176/1176 782/1184/1184 781/1183/1183
f 774/1175/1175 781/1183/1183 780/1182/1182
f 773/1174/1174 780/1182/1182 779/1181/1181
f 772/1173/1173 779/1181/1181 753/1180/1180
f 778/1179/1179 785/1187/1187 777/1178/1178
f 770/1170/1170 777/1178/1178 776/1177/1177
f 768/1168/1168 776/1177/1177 775/1176/1176
f 766/1166/1166 775/1176/1176 774/1175/1175
f 764/1164/1164 774/1175/1175 773/1174/1174
f 762/1162/1162 773/1174/1174 772/1173/1173
f 760/1160/1160 772/1173/1173 751/1172/1172
f 771/1171/1171 778/1179/1179 770/1170/1170
f 769/1169/1169 770/1170/1170 768/1168/1168
f 767/1167/1167 768/1168/1168 766/1166/1166
f 765/1165/1165 766/1166/1166 764/1164/1164
f 763/1163/1163 764/1164/1164 762/1162/1162
f 761/1161/1161 762/1162/1162 760/1160/1160
f 759/1159/1159 760/1160/1160 749/1157/1157
f 801/1213/1213 802/1214/1214 803/1215/1215
f 804/1216/1216 803/1215/1215 805/1217/1217
f 806/1218/1218 805/1217/1217 807/1219/1219
f 808/1220/1220 807/1219/1219 809/1221/1221
f 810/1222/1222 809/1221/1221 811/1223/1223
f 812/1224/1224 811/1223/1223 813/1225/1225
f 814/1226/1226 813/1225/1225 747/1227/1227
f 815/1228/1228 801/1213/1213 804/1216/1216
f 816/1229/1229 804/1216/1216 806/1218/1218
f 817/1230/1230 806/1218/1218 808/1220/1220
f 818/1231/1231 808/1220/1220 810/1222/1222
f 819/1232/1232 810/1222/1222 812/1224/1224
f 820/1233/1233 812/1224/1224 814/1226/1226
f 821/1234/1234 814/1226/1226 750/1235/1235
f 822/1236/1236 815/1228/1228 816/1229/1229
f 823/1237/1237 816/1229/1229 817/1230/1230
f 824/1238/1238 817/1230/1230 818/1231/1231
f 825/1239/1239 818/1231/1231 819/1232/1232
f 826/1240/1240 819/1232/1232 820/1233/1233
f 827/1241/1241 820/1233/1233 821/1234/1234
f 828/1242/1242 821/1234/1234 752/1243/1243
f 829/1244/1244 822/1236/1236 823/1237/1237
f 830/1245/1245 823/1237/1237 824/1238/1238
f 831/1246/1246 824/1238/1238 825/1239/1239
f 832/1247/1247 825/1239/1239 826/1240/1240
f 833/1248/1248 826/1240/1240 827/1241/1241
f 834/1249/1249 827/1241/1241 828/1242/1242
f 835/1250/1250 828/1242/1242 754/1251/1251
f 836/1252/1252 829/1244/1244 830/1245/1245
f 837/1253/1253 830/1245/1245 831/1246/1246
f 838/1254/1254 831/1246/1246 832/1247/1247
f 839/1255/1255 832/1247/1247 833/1248/1248
f 840/1256/1256 833/1248/1248 834/1249/1249
f 841/1257/1257 834/1249/1249 835/1250/1250
f 842/1258/1258 835/1250/1250 756/1259/1259
f 735/1260/1260 836/1252/1252 837/1253/1253
f 729/1261/1261 837/1253/1253 838/1254/1254
f 733/1262/1262 838/1254/1254 839/1255/1255
f 738/1263/1263 839/1255/1255 840/1256/1256
f 737/1264/1264 840/1256/1256 841/1257/1257
f 732/1265/1265 841/1257/1257 842/1258/1258
f 726/1266/1266 842/1258/1258 758/1267/1267
f 758/1267/1267 723/1268/1268 726/1266/1266
f 842/1258/1258 726/1266/1266 732/1265/1265
f 841/1257/1257 732/1265/1265 737/1264/1264
f 840/1256/1256 737/1264/1264 738/1263/1263
f 839/1255/1255 738/1263/1263 733/1262/1262
f 838/1254/1254 733/1262/1262 729/1261/1261
f 837/1253/1253 729/1261/1261 735/1260/1260
f 756/1259/1259 758/1267/1267 842/1258/1258
f 835/1250/1250 842/1258/1258 841/1257/1257
f 834/1249/1249 841/1257/1257 840/1256/1256
f 833/1248/1248 840/1256/1256 839/1255/1255
f 832/1247/1247 839/1255/1255 838/1254/1254
f 831/1246/1246 838/1254/1254 837/1253/1253
f 830/1245/1245 837/1253/1253 836/1252/1252
f 754/1251/1251 756/1259/1259 835/1250/1250
f 828/1242/1242 835/1250/1250 834/1249/1249
f 827/1241/1241 834/1249/1249 833/1248/1248
f 826/1240/1240 833/1248/1248 832/1247/1247
f 825/1239/1239 832/1247/1247 831/1246/1246
f 824/1238/1238 831/1246/1246 830/1245/1245
f 823/1237/1237 830/1245/1245 829/1244/1244
f 752/1243/1243 754/1251/1251 828/1242/1242
f 821/1234/1234 828/1242/1242 827/1241/1241
f 820/1233/1233 827/1241/1241 826/1240/1240
f 819/1232/1232 826/1240/1240 825/1239/1239
f 818/1231/1231 825/1239/1239 824/1238/1238
f 817/1230/1230 824/1238/1238 823/1237/1237
f 816/1229/1229 823/1237/1237 822/1236/1236
f 750/1235/1235 752/1243/1243 821/1234/1234
f 814/1226/1226 821/1234/1234 820/1233/1233
f 812/1224/1224 820/1233/1233 819/1232/1232
f 810/1222/1222 819/1232/1232 818/1231/1231
f 808/1220/1220 818/1231/1231 817/1230/1230
f 806/1218/1218 817/1230/1230 816/1229/1229
f 804/1216/1216 816/1229/1229 815/1228/1228
f 747/1227/1227 750/1235/1235 814/1226/1226
f 813/1225/1225 814/1226/1226 812/1224/1224
f 811/1223/1223 812/1224/1224 810/1222/1222
f 809/1221/1221 810/1222/1222 808/1220/1220
f 807/1219/1219 808/1220/1220 806/1218/1218
f 805/1217/1217 806/1218/1218 804/1216/1216
f 803/1215/1215 804/1216/1216 801/1213/1213
f 748/1269/1269 747/1270/1270 843/1271/1271
f 843/1271/1271 844/1272/1272 748/1269/1269
f 771/1273/1273 845/1274/1274 846/1275/1275
f 778/1276/1276 846/1275/1275 847/1277/1277
f 785/1278/1278 847/1277/1277 848/1279/1279
f 792/1280/1280 848/1279/1279 849/1281/1281
f 799/1282/1282 849/1281/1281 850/1283/1283
f 800/1284/1284 850/1283/1283 721/1285/1285
f 721/1285/1285 720/1286/1286 800/1284/1284
f 850/1283/1283 800/1284/1284 799/1282/1282
f 849/1281/1281 799/1282/1282 792/1280/1280
f 848/1279/1279 792/1280/1280 785/1278/1278
f 847/1277/1277 785/1278/1278 778/1276/1276
f 846/1275/1275 778/1276/1276 771/1273/1273
f 851/1287/1287 852/1288/1288 771/1289/1289
f 853/1290/1290 851/1287/1287 769/1291/1291
f 854/1292/1292 853/1290/1290 767/1293/1293
f 855/1294/1294 854/1292/1292 765/1295/1295
f 856/1296/1296 855/1294/1294 763/1297/1297
f 857/1298/1298 856/1296/1296 761/1299/1299
f 844/1300/1300 857/1298/1298 759/1301/1301
f 759/1301/1301 748/1302/1302 844/1300/1300
f 761/1299/1299 759/1301/1301 857/1298/1298
f 763/1297/1297 761/1299/1299 856/1296/1296
f 765/1295/1295 763/1297/1297 855/1294/1294
f 767/1293/1293 765/1295/1295 854/1292/1292
f 769/1291/1291 767/1293/1293 853/1290/1290
f 771/1289/1289 769/1291/1291 851/1287/1287
f 858/1303/1303 859/1304/1304 860/1305/1305
f 861/1306/1306 860/1305/1305 862/1307/1307
f 863/1308/1308 862/1307/1307 864/1309/1309
f 865/1310/1310 864/1309/1309 866/1311/1311
f 867/1312/1312 866/1311/1311 868/1313/1313
f 869/1314/1314 868/1313/1313 727/1315/1315
f 727/1315/1315 719/1316/1316 869/1314/1314
f 868/1313/1313 869/1314/1314 867/1312/1312
f 866/1311/1311 867/1312/1312 865/1310/1310
f 864/1309/1309 865/1310/1310 863/1308/1308
f 862/1307/1307 863/1308/1308 861/1306/1306
f 860/1305/1305 861/1306/1306 858/1303/1303
f 870/1317/1317 802/1318/1318 801/1319/1319
f 871/1320/1320 801/1319/1319 815/1321/1321
f 872/1322/1322 815/1321/1321 822/1323/1323
f 873/1324/1324 822/1323/1323 829/1325/1325
f 874/1326/1326 829/1325/1325 836/1327/1327
f 875/1328/1328 836/1327/1327 735/1329/1329
f 735/1329/1329 734/1330/1330 875/1328/1328
f 836/1327/1327 875/1328/1328 874/1326/1326
f 829/1325/1325 874/1326/1326 873/1324/1324
f 822/1323/1323 873/1324/1324 872/1322/1322
f 815/1321/1321 872/1322/1322 871/1320/1320
f 801/1319/1319 871/1320/1320 870/1317/1317
f 876/1331/1331 843/1332/1332 747/1333/1333
f 877/1334/1334 876/1331/1331 813/1335/1335
f 878/1336/1336 877/1334/1334 811/1337/1337
f 879/1338/1338 878/1336/1336 809/1339/1339
f 880/1340/1340 879/1338/1338 807/1341/1341
f 881/1342/1342 880/1340/1340 805/1343/1343
f 882/1344/1344 881/1342/1342 803/1345/1345
f 803/1345/1345 802/1346/1346 882/1344/1344
f 805/1343/1343 803/1345/1345 881/1342/1342
f 807/1341/1341 805/1343/1343 880/1340/1340
f 809/1339/1339 807/1341/1341 879/1338/1338
f 811/1337/1337 809/1339/1339 878/1336/1336
f 813/1335/1335 811/1337/1337 877/1334/1334
f 747/1333/1333 813/1335/1335 876/1331/1331
f 844/1347/1347 843/1348/1348 883/1349/1349
f 884/1350/1350 883/1349/1349 885/1351/1351
f 886/1352/1352 885/1351/1351 887/1353/1353
f 888/1354/1354 887/1353/1353 889/1355/1355
f 890/1356/1356 889/1355/1355 891/1357/1357
f 892/1358/1358 891/1357/1357 893/1359/1359
f 893/1359/1359 894/1360/1360 892/1358/1358
f 891/1357/1357 892/1358/1358 890/1356/1356
f 889/1355/1355 890/1356/1356 888/1354/1354
f 887/1353/1353 888/1354/1354 886/1352/1352
f 885/1351/1351 886/1352/1352 884/1350/1350
f 883/1349/1349 884/1350/1350 844/1347/1347
f 892/1358/1358 894/1360/1360 895/1361/1361
f 896/1362/1362 895/1361/1361 897/1363/1363
f 898/1364/1364 897/1363/1363 899/1365/1365
f 900/1366/1366 899/1365/1365 901/1367/1367
f 902/1368/1368 901/1367/1367 903/1369/1369
f 904/1370/1370 903/1369/1369 905/1371/1371
f 906/1372/1372 905/1371/1371 907/1373/1373
f 890/1374/1374 892/1358/1358 896/1362/1362
f 908/1375/1375 896/1362/1362 898/1364/1364
f 909/1376/1376 898/1364/1364 900/1366/1366
f 910/1377/1377 900/1366/1366 902/1368/1368
f 911/1378/1378 902/1368/1368 904/1370/1370
f 912/1379/1379 904/1370/1370 906/1372/1372
f 913/1380/1380 906/1372/1372 914/1381/1381
f 888/1382/1382 890/1374/1374 908/1375/1375
f 915/1383/1383 908/1375/1375 909/1376/1376
f 916/1384/1384 909/1376/1376 910/1377/1377
f 917/1385/1385 910/1377/1377 911/1378/1378
f 918/1386/1386 911/1378/1378 912/1379/1379
f 919/1387/1387 912/1379/1379 913/1380/1380
f 920/1388/1388 913/1380/1380 921/1389/1389
f 886/1390/1390 888/1382/1382 915/1383/1383
f 922/1391/1391 915/1383/1383 916/1384/1384
f 923/1392/1392 916/1384/1384 917/1385/1385
f 924/1393/1393 917/1385/1385 918/1386/1386
f 925/1394/1394 918/1386/1386 919/1387/1387
f 926/1395/1395 919/1387/1387 920/1388/1388
f 927/1396/1396 920/1388/1388 928/1397/1397
f 884/1398/1398 886/1390/1390 922/1391/1391
f 929/1399/1399 922/1391/1391 923/1392/1392
f 930/1400/1400 923/1392/1392 924/1393/1393
f 931/1401/1401 924/1393/1393 925/1394/1394
f 932/1402/1402 925/1394/1394 926/1395/1395
f 933/1403/1403 926/1395/1395 927/1396/1396
f 934/1404/1404 927/1396/1396 935/1405/1405
f 844/1406/1406 884/1398/1398 929/1399/1399
f 857/1407/1407 929/1399/1399 930/1400/1400
f 856/1408/1408 930/1400/1400 931/1401/1401
f 855/1409/1409 931/1401/1401 932/1402/1402
f 854/1410/1410 932/1402/1402 933/1403/1403
f 853/1411/1411 933/1403/1403 934/1404/1404
f 851/1412/1412 934/1404/1404 936/1413/1413
f 936/1413/1413 852/1414/1414 851/1412/1412
f 934/1404/1404 851/1412/1412 853/1411/1411
f 933/1403/1403 853/1411/1411 854/1410/1410
f 932/1402/1402 854/1410/1410 855/1409/1409
f 931/1401/1401 855/1409/1409 856/1408/1408
f 930/1400/1400 856/1408/1408 857/1407/1407
f 929/1399/1399 857/1407/1407 844/1406/1406
f 935/1405/1405 936/1413/1413 934/1404/1404
f 927/1396/1396 934/1404/1404 933/1403/1403
f 926/1395/1395 933/1403/1403 932/1402/1402
f 925/1394/1394 932/1402/1402 931/1401/1401
f 924/1393/1393 931/1401/1401 930/1400/1400
f 923/1392/1392 930/1400/1400 929/1399/1399
f 922/1391/1391 929/1399/1399 884/1398/1398
f 928/1397/1397 935/1405/1405 927/1396/1396
f 920/1388/1388 927/1396/1396 926/1395/1395
f 919/1387/1387 926/1395/1395 925/1394/1394
f 918/1386/1386 925/1394/1394 924/1393/1393
f 917/1385/1385 924/1393/1393 923/1392/1392
f 916/1384/1384 923/1392/1392 922/1391/1391
f 915/1383/1383 922/1391/1391 886/1390/1390
f 921/1389/1389 928/1397/1397 920/1388/1388
f 913/1380/1380 920/1388/1388 919/1387/1387
f 912/1379/1379 919/1387/1387 918/1386/1386
f 911/1378/1378 918/1386/1386 917/1385/1385
f 910/1377/1377 917/1385/1385 916/1384/1384
f 909/1376/1376 916/1384/1384 915/1383/1383
f 908/1375/1375 915/1383/1383 888/1382/1382
f 914/1381/1381 921/1389/1389 913/1380/1380
f 906/1372/1372 913/1380/1380 912/1379/1379
f 904/1370/1370 912/1379/1379 911/1378/1378
f 902/1368/1368 911/1378/1378 910/1377/1377
f 900/1366/1366 910/1377/1377 909/1376/1376
f 898/1364/1364 909/1376/1376 908/1375/1375
f 896/1362/1362 908/1375/1375 890/1374/1374
f 907/1373/1373 914/1381/1381 906/1372/1372
f 905/1371/1371 906/1372/1372 904/1370/1370
f 903/1369/1369 904/1370/1370 902/1368/1368
f 901/1367/1367 902/1368/1368 900/1366/1366
f 899/1365/1365 900/1366/1366 898/1364/1364
f 897/1363/1363 898/1364/1364 896/1362/1362
f 895/1361/1361 896/1362/1362 892/1358/1358
f 845/1415/1415 771/1416/1416 852/1414/1414
f 852/1414/1414 937/1417/1417 845/1415/1415
f 846/1418/1418 845/1415/1415 938/1419/1419
f 939/1420/1420 938/1419/1419 940/1421/1421
f 941/1422/1422 940/1421/1421 942/1423/1423
f 943/1424/1424 942/1423/1423 944/1425/1425
f 945/1426/1426 944/1425/1425 858/1427/1427
f 847/1428/1428 846/1418/1418 939/1420/1420
f 946/1429/1429 939/1420/1420 941/1422/1422
f 947/1430/1430 941/1422/1422 943/1424/1424
f 948/1431/1431 943/1424/1424 945/1426/1426
f 949/1432/1432 945/1426/1426 861/1433/1433
f 848/1434/1434 847/1428/1428 946/1429/1429
f 950/1435/1435 946/1429/1429 947/1430/1430
f 951/1436/1436 947/1430/1430 948/1431/1431
f 952/1437/1437 948/1431/1431 949/1432/1432
f 953/1438/1438 949/1432/1432 863/1439/1439
f 849/1440/1440 848/1434/1434 950/1435/1435
f 954/1441/1441 950/1435/1435 951/1436/1436
f 955/1442/1442 951/1436/1436 952/1437/1437
f 956/1443/1443 952/1437/1437 953/1438/1438
f 957/1444/1444 953/1438/1438 865/1445/1445
f 850/1446/1446 849/1440/1440 954/1441/1441
f 958/1447/1447 954/1441/1441 955/1442/1442
f 959/1448/1448 955/1442/1442 956/1443/1443
f 960/1449/1449 956/1443/1443 957/1444/1444
f 961/1450/1450 957/1444/1444 867/1451/1451
f 721/1452/1452 850/1446/1446 958/1447/1447
f 728/1453/1453 958/1447/1447 959/1448/1448
f 731/1454/1454 959/1448/1448 960/1449/1449
f 730/1455/1455 960/1449/1449 961/1450/1450
f 725/1456/1456 961/1450/1450 869/1457/1457
f 869/1457/1457 719/1458/1458 725/1456/1456
f 961/1450/1450 725/1456/1456 730/1455/1455
f 960/1449/1449 730/1455/1455 731/1454/1454
f 959/1448/1448 731/1454/1454 728/1453/1453
f 958/1447/1447 728/1453/1453 721/1452/1452
f 867/1451/1451 869/1457/1457 961/1450/1450
f 957/1444/1444 961/1450/1450 960/1449/1449
f 956/1443/1443 960/1449/1449 959/1448/1448
f 955/1442/1442 959/1448/1448 958/1447/1447
f 954/1441/1441 958/1447/1447 850/1446/1446
f 865/1445/1445 867/1451/1451 957/1444/1444
f 953/1438/1438 957/1444/1444 956/1443/1443
f 952/1437/1437 956/1443/1443 955/1442/1442
f 951/1436/1436 955/1442/1442 954/1441/1441
f 950/1435/1435 954/1441/1441 849/1440/1440
f 863/1439/1439 865/1445/1445 953/1438/1438
f 949/1432/1432 953/1438/1438 952/1437/1437
f 948/1431/1431 952/1437/1437 951/1436/1436
f 947/1430/1430 951/1436/1436 950/1435/1435
f 946/1429/1429 950/1435/1435 848/1434/1434
f 861/1433/1433 863/1439/1439 949/1432/1432
f 945/1426/1426 949/1432/1432 948/1431/1431
f 943/1424/1424 948/1431/1431 947/1430/1430
f 941/1422/1422 947/1430/1430 946/1429/1429
f 939/1420/1420 946/1429/1429 847/1428/1428
f 858/1427/1427 861/1433/1433 945/1426/1426
f 944/1425/1425 945/1426/1426 943/1424/1424
f 942/1423/1423 943/1424/1424 941/1422/1422
f 940/1421/1421 941/1422/1422 939/1420/1420
f 938/1419/1419 939/1420/1420 846/1418/1418
f 860/1459/1459 859/1460/1460 962/1461/1461
f 963/1462/1462 962/1461/1461 964/1463/1463
f 965/1464/1464 964/1463/1463 966/1465/1465
f 967/1466/1466 966/1465/1465 968/1467/1467
f 969/1468/1468 968/1467/1467 870/1469/1469
f 862/1470/1470 860/1459/1459 963/1462/1462
f 970/1471/1471 963/1462/1462 965/1464/1464
f 971/1472/1472 965/1464/1464 967/1466/1466
f 972/1473/1473 967/1466/1466 969/1468/1468
f 973/1474/1474 969/1468/1468 871/1475/1475
f 864/1476/1476 862/1470/1470 970/1471/1471
f 974/1477/1477 970/1471/1471 971/1472/1472
f 975/1478/1478 971/1472/1472 972/1473/1473
f 976/1479/1479 972/1473/1473 973/1474/1474
f 977/1480/1480 973/1474/1474 872/1481/1481
f 866/1482/1482 864/1476/1476 974/1477/1477
f 978/1483/1483 974/1477/1477 975/1478/1478
f 979/1484/1484 975/1478/1478 976/1479/1479
f 980/1485/1485 976/1479/1479 977/1480/1480
f 981/1486/1486 977/1480/1480 873/1487/1487
f 868/1488/1488 866/1482/1482 978/1483/1483
f 982/1489/1489 978/1483/1483 979/1484/1484
f 983/1490/1490 979/1484/1484 980/1485/1485
f 984/1491/1491 980/1485/1485 981/1486/1486
f 985/1492/1492 981/1486/1486 874/1493/1493
f 727/1494/1494 868/1488/1488 982/1489/1489
f 742/1495/1495 982/1489/1489 983/1490/1490
f 740/1496/1496 983/1490/1490 984/1491/1491
f 741/1497/1497 984/1491/1491 985/1492/1492
f 739/1498/1498 985/1492/1492 875/1499/1499
f 875/1499/1499 734/1500/1500 739/1498/1498
f 985/1492/1492 739/1498/1498 741/1497/1497
f 984/1491/1491 741/1497/1497 740/1496/1496
f 983/1490/1490 740/1496/1496 742/1495/1495
f 982/1489/1489 742/1495/1495 727/1494/1494
f 874/1493/1493 875/1499/1499 985/1492/1492
f 981/1486/1486 985/1492/1492 984/1491/1491
f 980/1485/1485 984/1491/1491 983/1490/1490
f 979/1484/1484 983/1490/1490 982/1489/1489
f 978/1483/1483 982/1489/1489 868/1488/1488
f 873/1487/1487 874/1493/1493 981/1486/1486
f 977/1480/1480 981/1486/1486 980/1485/1485
f 976/1479/1479 980/1485/1485 979/1484/1484
f 975/1478/1478 979/1484/1484 978/1483/1483
f 974/1477/1477 978/1483/1483 866/1482/1482
f 872/1481/1481 873/1487/1487 977/1480/1480
f 973/1474/1474 977/1480/1480 976/1479/1479
f 972/1473/1473 976/1479/1479 975/1478/1478
f 971/1472/1472 975/1478/1478 974/1477/1477
f 970/1471/1471 974/1477/1477 864/1476/1476
f 871/1475/1475 872/1481/1481 973/1474/1474
f 969/1468/1468 973/1474/1474 972/1473/1473
f 967/1466/1466 972/1473/1473 971/1472/1472
f 965/1464/1464 971/1472/1472 970/1471/1471
f 963/1462/1462 970/1471/1471 862/1470/1470
f 870/1469/1469 871/1475/1475 969/1468/1468
f 968/1467/1467 969/1468/1468 967/1466/1466
f 966/1465/1465 967/1466/1466 965/1464/1464
f 964/1463/1463 965/1464/1464 963/1462/1462
f 962/1461/1461 963/1462/1462 860/1459/1459
f 802/1501/1501 870/1502/1502 986/1503/1503
f 986/1503/1503 882/1504/1504 802/1501/1501
f 987/1505/1505 988/1506/1506 989/1507/1507
f 990/1508/1508 989/1507/1507 991/1509/1509
f 992/1510/1510 991/1509/1509 993/1511/1511
f 994/1512/1512 993/1511/1511 995/1513/1513
f 996/1514/1514 995/1513/1513 997/1515/1515
f 998/1516/1516 997/1515/1515 999/1517/1517
f 1000/1518/1518 999/1517/1517 893/1519/1519
f 1001/1520/1520 987/1505/1505 990/1508/1508
f 1002/1521/1521 990/1508/1508 992/1510/1510
f 1003/1522/1522 992/1510/1510 994/1512/1512
f 1004/1523/1523 994/1512/1512 996/1514/1514
f 1005/1524/1524 996/1514/1514 998/1516/1516
f 1006/1525/1525 998/1516/1516 1000/1518/1518
f 1007/1526/1526 1000/1518/1518 891/1527/1527
f 1008/1528/1528 1001/1520/1520 1002/1521/1521
f 1009/1529/1529 1002/1521/1521 1003/1522/1522
f 1010/1530/1530 1003/1522/1522 1004/1523/1523
f 1011/1531/1531 1004/1523/1523 1005/1524/1524
f 1012/1532/1532 1005/1524/1524 1006/1525/1525
f 1013/1533/1533 1006/1525/1525 1007/1526/1526
f 1014/1534/1534 1007/1526/1526 889/1535/1535
f 1015/1536/1536 1008/1528/1528 1009/1529/1529
f 1016/1537/1537 1009/1529/1529 1010/1530/1530
f 1017/1538/1538 1010/1530/1530 1011/1531/1531
f 1018/1539/1539 1011/1531/1531 1012/1532/1532
f 1019/1540/1540 1012/1532/1532 1013/1533/1533
f 1020/1541/1541 1013/1533/1533 1014/1534/1534
f 1021/1542/1542 1014/1534/1534 887/1543/1543
f 1022/1544/1544 1015/1536/1536 1016/1537/1537
f 1023/1545/1545 1016/1537/1537 1017/1538/1538
f 1024/1546/1546 1017/1538/1538 1018/1539/1539
f 1025/1547/1547 1018/1539/1539 1019/1540/1540
f 1026/1548/1548 1019/1540/1540 1020/1541/1541
f 1027/1549/1549 1020/1541/1541 1021/1542/1542
f 1028/1550/1550 1021/1542/1542 885/1551/1551
f 882/1552/1552 1022/1544/1544 1023/1545/1545
f 881/1553/1553 1023/1545/1545 1024/1546/1546
f 880/1554/1554 1024/1546/1546 1025/1547/1547
f 879/1555/1555 1025/1547/1547 1026/1548/1548
f 878/1556/1556 1026/1548/1548 1027/1549/1549
f 877/1557/1557 1027/1549/1549 1028/1550/1550
f 876/1558/1558 1028/1550/1550 883/1559/1559
f 883/1559/1559 843/1560/1560 876/1558/1558
f 1028/1550/1550 876/1558/1558 877/1557/1557
f 1027/1549/1549 877/1557/1557 878/1556/1556
f 1026/1548/1548 878/1556/1556 879/1555/1555
f 1025/1547/1547 879/1555/1555 880/1554/1554
f 1024/1546/1546 880/1554/1554 881/1553/1553
f 1023/1545/1545 881/1553/1553 882/1552/1552
f 885/1551/1551 883/1559/1559 1028/1550/1550
f 1021/1542/1542 1028/1550/1550 1027/1549/1549
f 1020/1541/1541 1027/1549/1549 1026/1548/1548
f 1019/1540/1540 1026/1548/1548 1025/1547/1547
f 1018/1539/1539 1025/1547/1547 1024/1546/1546
f 1017/1538/1538 1024/1546/1546 1023/1545/1545
f 1016/1537/1537 1023/1545/1545 1022/1544/1544
f 887/1543/1543 885/1551/1551 1021/1542/1542
f 1014/1534/1534 1021/1542/1542 1020/1541/1541
f 1013/1533/1533 1020/1541/1541 1019/1540/1540
f 1012/1532/1532 1019/1540/1540 1018/1539/1539
f 1011/1531/1531 1018/1539/1539 1017/1538/1538
f 1010/1530/1530 1017/1538/1538 1016/1537/1537
f 1009/1529/1529 1016/1537/1537 1015/1536/1536
f 889/1535/1535 887/1543/1543 1014/1534/1534
f 1007/1526/1526 1014/1534/1534 1013/1533/1533
f 1006/1525/1525 1013/1533/1533 1012/1532/1532
f 1005/1524/1524 1012/1532/1532 1011/1531/1531
f 1004/1523/1523 1011/1531/1531 1010/1530/1530
f 1003/1522/1522 1010/1530/1530 1009/1529/1529
f 1002/1521/1521 1009/1529/1529 1008/1528/1528
f 891/1527/1527 889/1535/1535 1007/1526/1526
f 1000/1518/1518 1007/1526/1526 1006/1525/1525
f 998/1516/1516 1006/1525/1525 1005/1524/1524
f 996/1514/1514 1005/1524/1524 1004/1523/1523
f 994/1512/1512 1004/1523/1523 1003/1522/1522
f 992/1510/1510 1003/1522/1522 1002/1521/1521
f 990/1508/1508 1002/1521/1521 1001/1520/1520
f 893/1519/1519 891/1527/1527 1000/1518/1518
f 999/1517/1517 1000/1518/1518 998/1516/1516
f 997/1515/1515 998/1516/1516 996/1514/1514
f 995/1513/1513 996/1514/1514 994/1512/1512
f 993/1511/1511 994/1512/1512 992/1510/1510
f 991/1509/1509 992/1510/1510 990/1508/1508
f 989/1507/1507 990/1508/1508 987/1505/1505
f 859/1561/1561 858/1562/1562 1029/1563/1563
f 1029/1563/1563 1030/1564/1564 859/1561/1561
f 937/1565/1565 852/1566/1566 936/1567/1567
f 1031/1568/1568 936/1567/1567 935/1569/1569
f 1032/1570/1570 935/1569/1569 928/1571/1571
f 1033/1572/1572 928/1571/1571 921/1573/1573
f 1034/1574/1574 921/1573/1573 914/1575/1575
f 1035/1576/1576 914/1575/1575 907/1577/1577
f 907/1577/1577 1036/1578/1578 1035/1576/1576
f 914/1575/1575 1035/1576/1576 1034/1574/1574
f 921/1573/1573 1034/1574/1574 1033/1572/1572
f 928/1571/1571 1033/1572/1572 1032/1570/1570
f 935/1569/1569 1032/1570/1570 1031/1568/1568
f 936/1567/1567 1031/1568/1568 937/1565/1565
f 1037/1579/1579 1029/1580/1580 858/1581/1581
f 1038/1582/1582 1037/1579/1579 944/1583/1583
f 1039/1584/1584 1038/1582/1582 942/1585/1585
f 1040/1586/1586 1039/1584/1584 940/1587/1587
f 937/1588/1588 1040/1586/1586 938/1589/1589
f 938/1589/1589 845/1590/1590 937/1588/1588
f 940/1587/1587 938/1589/1589 1040/1586/1586
f 942/1585/1585 940/1587/1587 1039/1584/1584
f 944/1583/1583 942/1585/1585 1038/1582/1582
f 858/1581/1581 944/1583/1583 1037/1579/1579
f 1035/1591/1591 1036/1592/1592 1041/1593/1593
f 1042/1594/1594 1041/1593/1593 1043/1595/1595
f 1044/1596/1596 1043/1595/1595 1045/1597/1597
f 1046/1598/1598 1045/1597/1597 1047/1599/1599
f 1048/1600/1600 1047/1599/1599 1049/1601/1601
f 1034/1602/1602 1035/1591/1591 1042/1594/1594
f 1050/1603/1603 1042/1594/1594 1044/1596/1596
f 1051/1604/1604 1044/1596/1596 1046/1598/1598
f 1052/1605/1605 1046/1598/1598 1048/1600/1600
f 1053/1606/1606 1048/1600/1600 1054/1607/1607
f 1033/1608/1608 1034/1602/1602 1050/1603/1603
f 1055/1609/1609 1050/1603/1603 1051/1604/1604
f 1056/1610/1610 1051/1604/1604 1052/1605/1605
f 1057/1611/1611 1052/1605/1605 1053/1606/1606
f 1058/1612/1612 1053/1606/1606 1059/1613/1613
f 1032/1614/1614 1033/1608/1608 1055/1609/1609
f 1060/1615/1615 1055/1609/1609 1056/1610/1610
f 1061/1616/1616 1056/1610/1610 1057/1611/1611
f 1062/1617/1617 1057/1611/1611 1058/1612/1612
f 1063/1618/1618 1058/1612/1612 1064/1619/1619
f 1031/1620/1620 1032/1614/1614 1060/1615/1615
f 1065/1621/1621 1060/1615/1615 1061/1616/1616
f 1066/1622/1622 1061/1616/1616 1062/1617/1617
f 1067/1623/1623 1062/1617/1617 1063/1618/1618
f 1068/1624/1624 1063/1618/1618 1069/1625/1625
f 937/1626/1626 1031/1620/1620 1065/1621/1621
f 1040/1627/1627 1065/1621/1621 1066/1622/1622
f 1039/1628/1628 1066/1622/1622 1067/1623/1623
f 1038/1629/1629 1067/1623/1623 1068/1624/1624
f 1037/1630/1630 1068/1624/1624 1070/1631/1631
f 1070/1631/1631 1029/1632/1632 1037/1630/1630
f 1068/1624/1624 1037/1630/1630 1038/1629/1629
f 1067/1623/1623 1038/1629/1629 1039/1628/1628
f 1066/1622/1622 1039/1628/1628 1040/1627/1627
f 1065/1621/1621 1040/1627/1627 937/1626/1626
f 1069/1625/1625 1070/1631/1631 1068/1624/1624
f 1063/1618/1618 1068/1624/1624 1067/1623/1623
f 1062/1617/1617 1067/1623/1623 1066/1622/1622
f 1061/1616/1616 1066/1622/1622 1065/1621/1621
f 1060/1615/1615 1065/1621/1621 1031/1620/1620
f 1064/1619/1619 1069/1625/1625 1063/1618/1618
f 1058/1612/1612 1063/1618/1618 1062/1617/1617
f 1057/1611/1611 1062/1617/1617 1061/1616/1616
f 1056/1610/1610 1061/1616/1616 1060/1615/1615
f 1055/1609/1609 1060/1615/1615 1032/1614/1614
f 1059/1613/1613 1064/1619/1619 1058/1612/1612
f 1053/1606/1606 1058/1612/1612 1057/1611/1611
f 1052/1605/1605 1057/1611/1611 1056/1610/1610
f 1051/1604/1604 1056/1610/1610 1055/1609/1609
f 1050/1603/1603 1055/1609/1609 1033/1608/1608
f 1054/1607/1607 1059/1613/1613 1053/1606/1606
f 1048/1600/1600 1053/1606/1606 1052/1605/1605
f 1046/1598/1598 1052/1605/1605 1051/1604/1604
f 1044/1596/1596 1051/1604/1604 1050/1603/1603
f 1042/1594/1594 1050/1603/1603 1034/1602/1602
f 1049/1601/1601 1054/1607/1607 1048/1600/1600
f 1047/1599/1599 1048/1600/1600 1046/1598/1598
f 1045/1597/1597 1046/1598/1598 1044/1596/1596
f 1043/1595/1595 1044/1596/1596 1042/1594/1594
f 1041/1593/1593 1042/1594/1594 1035/1591/1591
f 145/1633/1633 1071/1634/1634 1049/1635/1635
f 130/1636/1636 1036/1637/1637 907/1638/1638
f 1049/1635/1635 130/1636/1636 145/1633/1633
f 130/1636/1636 1041/1639/1639 1036/1637/1637
f 145/1633/1633 1072/1640/1640 1071/1634/1634
f 907/1638/1638 151/1641/1641 130/1636/1636
f 1049/1635/1635 1047/1642/1642 130/1636/1636
f 130/1636/1636 1043/1643/1643 1041/1639/1639
f 1047/1642/1642 1045/1644/1644 130/1636/1636
f 1045/1644/1644 1043/1643/1643 130/1636/1636
f 145/1633/1633 1073/1645/1645 1072/1640/1640
f 145/1633/1633 1074/1646/1646 1075/1647/1647
f 145/1633/1633 989/1648/1648 988/1649/1649
f 995/1650/1650 220/1651/1651 602/1652/1652
f 1075/1647/1647 1073/1645/1645 145/1633/1633
f 988/1649/1649 1076/1653/1653 145/1633/1633
f 220/1651/1651 430/1654/1654 602/1652/1652
f 997/1655/1655 594/1656/1656 581/1657/1657
f 997/1655/1655 602/1652/1652 600/1658/1658
f 581/1657/1657 518/1659/1659 894/1660/1660
f 897/1661/1661 516/1662/1662 514/1663/1663
f 1076/1653/1653 1074/1646/1646 145/1633/1633
f 220/1651/1651 991/1664/1664 989/1648/1648
f 602/1652/1652 997/1655/1655 995/1650/1650
f 997/1655/1655 596/1665/1665 594/1656/1656
f 600/1658/1658 598/1666/1666 997/1655/1655
f 894/1660/1660 893/1667/1667 581/1657/1657
f 514/1663/1663 512/1668/1668 897/1661/1661
f 899/1669/1669 897/1661/1661 497/1670/1670
f 989/1648/1648 145/1633/1633 220/1651/1651
f 995/1650/1650 993/1671/1671 220/1651/1651
f 598/1666/1666 596/1665/1665 997/1655/1655
f 518/1659/1659 895/1672/1672 894/1660/1660
f 512/1668/1668 510/1673/1673 897/1661/1661
f 897/1661/1661 895/1672/1672 518/1659/1659
f 497/1670/1670 151/1641/1641 899/1669/1669
f 993/1671/1671 991/1664/1664 220/1651/1651
f 893/1667/1667 999/1674/1674 581/1657/1657
f 518/1659/1659 516/1662/1662 897/1661/1661
f 151/1641/1641 901/1675/1675 899/1669/1669
f 581/1657/1657 999/1674/1674 997/1655/1655
f 497/1670/1670 274/1676/1676 151/1641/1641
f 510/1673/1673 497/1670/1670 897/1661/1661
f 151/1641/1641 905/1677/1677 903/1678/1678
f 903/1678/1678 901/1675/1675 151/1641/1641
f 907/1638/1638 905/1677/1677 151/1641/1641
f 1077/1679/1679 986/1680/1680 870/1681/1681
f 1078/1682/1682 1077/1679/1679 968/1683/1683
f 1079/1684/1684 1078/1682/1682 966/1685/1685
f 1080/1686/1686 1079/1684/1684 964/1687/1687
f 1030/1688/1688 1080/1686/1686 962/1689/1689
f 962/1689/1689 859/1690/1690 1030/1688/1688
f 964/1687/1687 962/1689/1689 1080/1686/1686
f 966/1685/1685 964/1687/1687 1079/1684/1684
f 968/1683/1683 966/1685/1685 1078/1682/1682
f 870/1681/1681 968/1683/1683 1077/1679/1679
f 882/1691/1691 986/1692/1692 1081/1693/1693
f 1022/1694/1694 1081/1693/1693 1082/1695/1695
f 1015/1696/1696 1082/1695/1695 1083/1697/1697
f 1008/1698/1698 1083/1697/1697 1084/1699/1699
f 1001/1700/1700 1084/1699/1699 1085/1701/1701
f 987/1702/1702 1085/1701/1701 1076/1703/1703
f 1076/1703/1703 988/1704/1704 987/1702/1702
f 1085/1701/1701 987/1702/1702 1001/1700/1700
f 1084/1699/1699 1001/1700/1700 1008/1698/1698
f 1083/1697/1697 1008/1698/1698 1015/1696/1696
f 1082/1695/1695 1015/1696/1696 1022/1694/1694
f 1081/1693/1693 1022/1694/1694 882/1691/1691
f 1086/1705/1705 1071/1706/1706 1072/1707/1707
f 1087/1708/1708 1072/1707/1707 1073/1709/1709
f 1088/1710/1710 1073/1709/1709 1075/1711/1711
f 1089/1712/1712 1075/1711/1711 1074/1713/1713
f 1090/1714/1714 1074/1713/1713 1076/1715/1715
f 1091/1716/1716 1086/1705/1705 1087/1708/1708
f 1092/1717/1717 1087/1708/1708 1088/1710/1710
f 1093/1718/1718 1088/1710/1710 1089/1712/1712
f 1094/1719/1719 1089/1712/1712 1090/1714/1714
f 1095/1720/1720 1090/1714/1714 1085/1721/1721
f 1096/1722/1722 1091/1716/1716 1092/1717/1717
f 1097/1723/1723 1092/1717/1717 1093/1718/1718
f 1098/1724/1724 1093/1718/1718 1094/1719/1719
f 1099/1725/1725 1094/1719/1719 1095/1720/1720
f 1100/1726/1726 1095/1720/1720 1084/1727/1727
f 1101/1728/1728 1096/1722/1722 1097/1723/1723
f 1102/1729/1729 1097/1723/1723 1098/1724/1724
f 1103/1730/1730 1098/1724/1724 1099/1725/1725
f 1104/1731/1731 1099/1725/1725 1100/1726/1726
f 1105/1732/1732 1100/1726/1726 1083/1733/1733
f 1106/1734/1734 1101/1728/1728 1102/1729/1729
f 1107/1735/1735 1102/1729/1729 1103/1730/1730
f 1108/1736/1736 1103/1730/1730 1104/1731/1731
f 1109/1737/1737 1104/1731/1731 1105/1732/1732
f 1110/1738/1738 1105/1732/1732 1082/1739/1739
f 1030/1740/1740 1106/1734/1734 1107/1735/1735
f 1080/1741/1741 1107/1735/1735 1108/1736/1736
f 1079/1742/1742 1108/1736/1736 1109/1737/1737
f 1078/1743/1743 1109/1737/1737 1110/1738/1738
f 1077/1744/1744 1110/1738/1738 1081/1745/1745
f 1081/1745/1745 986/1746/1746 1077/1744/1744
f 1110/1738/1738 1077/1744/1744 1078/1743/1743
f 1109/1737/1737 1078/1743/1743 1079/1742/1742
f 1108/1736/1736 1079/1742/1742 1080/1741/1741
f 1107/1735/1735 1080/1741/1741 1030/1740/1740
f 1082/1739/1739 1081/1745/1745 1110/1738/1738
f 1105/1732/1732 1110/1738/1738 1109/1737/1737
f 1104/1731/1731 1109/1737/1737 1108/1736/1736
f 1103/1730/1730 1108/1736/1736 1107/1735/1735
f 1102/1729/1729 1107/1735/1735 1106/1734/1734
f 1083/1733/1733 1082/1739/1739 1105/1732/1732
f 1100/1726/1726 1105/1732/1732 1104/1731/1731
f 1099/1725/1725 1104/1731/1731 1103/1730/1730
f 1098/1724/1724 1103/1730/1730 1102/1729/1729
f 1097/1723/1723 1102/1729/1729 1101/1728/1728
f 1084/1727/1727 1083/1733/1733 1100/1726/1726
f 1095/1720/1720 1100/1726/1726 1099/1725/1725
f 1094/1719/1719 1099/1725/1725 1098/1724/1724
f 1093/1718/1718 1098/1724/1724 1097/1723/1723
f 1092/1717/1717 1097/1723/1723 1096/1722/1722
f 1085/1721/1721 1084/1727/1727 1095/1720/1720
f 1090/1714/1714 1095/1720/1720 1094/1719/1719
f 1089/1712/1712 1094/1719/1719 1093/1718/1718
f 1088/1710/1710 1093/1718/1718 1092/1717/1717
f 1087/1708/1708 1092/1717/1717 1091/1716/1716
f 1076/1715/1715 1085/1721/1721 1090/1714/1714
f 1074/1713/1713 1090/1714/1714 1089/1712/1712
f 1075/1711/1711 1089/1712/1712 1088/1710/1710
f 1073/1709/1709 1088/1710/1710 1087/1708/1708
f 1072/1707/1707 1087/1708/1708 1086/1705/1705
f 1030/1747/1747 1029/1748/1748 1070/1749/1749
f 1106/1750/1750 1070/1749/1749 1069/1751/1751
f 1101/1752/1752 1069/1751/1751 1064/1753/1753
f 1096/1754/1754 1064/1753/1753 1059/1755/1755
f 1091/1756/1756 1059/1755/1755 1054/1757/1757
f 1086/1758/1758 1054/1757/1757 1049/1759/1759
f 1049/1759/1759 1071/1760/1760 1086/1758/1758
f 1054/1757/1757 1086/1758/1758 1091/1756/1756
f 1059/1755/1755 1091/1756/1756 1096/1754/1754
f 1064/1753/1753 1096/1754/1754 1101/1752/1752
f 1069/1751/1751 1101/1752/1752 1106/1750/1750
f 1070/1749/1749 1106/1750/1750 1030/1747/1747
